"ID","Taxonomy"
"ASV1","Root; k__Archaea; p__Euryarchaeota; c__Methanomicrobia; o__Methanosarcinales; f__Methanosarcinaceae; g__Methanosarcina"
"ASV2","Root; k__Archaea; p__Euryarchaeota; c__Methanomicrobia; o__Methanosarcinales; f__Methanosarcinaceae; g__Methanosarcina"
"ASV3","Root; k__Bacteria; p__Bacteroidetes; c__Bacteroidia; o__Sphingobacteriales; f__Lentimicrobiaceae; g__Lentimicrobium"
"ASV4","Root; k__Bacteria; p__Thermotogae; c__Thermotogae; o__Kosmotogales; f__Kosmotogaceae; g__Mesotoga"
"ASV6","Root; k__Bacteria; p__Synergistetes; c__Synergistia; o__Synergistales; f__Synergistaceae; g__Thermovirga"
"ASV7","Root; k__Bacteria; p__Synergistetes; c__Synergistia; o__Synergistales; f__Synergistaceae; g__Syner-01"
"ASV8","Root; k__Bacteria; p__Firmicutes; c__Clostridia; o__Clostridiales; f__Clostridiales_unclassified; g__Clostridiales_unclassified"
"ASV9","Root; k__Bacteria; p__Proteobacteria; c__Deltaproteobacteria; o__Syntrophobacterales; f__Syntrophobacteraceae; g__Syntrophobacter"
"ASV10","Root; k__Bacteria; p__Firmicutes; c__Clostridia; o__Clostridiales; f__Clostridiales_unclassified; g__Clostridiales_unclassified"
"ASV11","Root; k__Bacteria; p__Bacteroidetes; c__Bacteroidia; o__Bacteroidales; f__Dysgonomonadaceae; g__Petrimonas"
"ASV12","Root; k__Bacteria; p__Firmicutes; c__Clostridia; o__Clostridiales; f__Clostridiaceae_1; g__Proteiniclasticum"
"ASV13","Root; k__Bacteria; p__Thermotogae; c__Thermotogae; o__Kosmotogales; f__Kosmotogaceae; g__Mesotoga"
"ASV14","Root; k__Bacteria; p__Firmicutes; c__Clostridia; o__Clostridiales; f__Family_XI; g__Family_XI_ge"
"ASV15","Root; k__Bacteria; p__Bacteroidetes; c__Bacteroidia; o__Bacteroidales; f__Rikenellaceae; g__uncultured"
"ASV16","Root; k__Bacteria; p__Proteobacteria; c__Gammaproteobacteria; o__Gammaproteobacteria_unclassified; f__Gammaproteobacteria_unclassified; g__Gammaproteobacteria_unclassified"
"ASV17","Root; k__Bacteria; p__Bacteroidetes; c__Bacteroidia; o__Bacteroidales; f__3M1PL1-52_termite_group; g__3M1PL1-52_termite_group_ge"
"ASV18","Root; k__Bacteria; p__Proteobacteria; c__Gammaproteobacteria; o__1013-28-CG33; f__1013-28-CG33_fa; g__1013-28-CG33_ge"
"ASV19","Root; k__Bacteria; p__Spirochaetes; c__Spirochaetia; o__Spirochaetales; f__Spirochaetaceae; g__uncultured"
"ASV20","Root; k__Bacteria; p__Firmicutes; c__Bacilli; o__Bacillales; f__Planococcaceae; g__Lysinibacillus"
"ASV21","Root; k__Bacteria; p__Proteobacteria; c__Gammaproteobacteria; o__Xanthomonadales; f__Xanthomonadaceae; g__Stenotrophomonas"
"ASV23","Root; k__Bacteria; p__Firmicutes; c__Clostridia; o__Clostridiales; f__Clostridiaceae_4; g__Caminicella"
"ASV24","Root; k__Bacteria; p__Cloacimonetes; c__Cloacimonadia; o__Cloacimonadales; f__Cloacimonadaceae; g__Cloacimonadaceae_unclassified"
"ASV25","Root; k__Bacteria; p__Bacteroidetes; c__Bacteroidia; o__Bacteroidales; f__Rikenellaceae; g__uncultured"
"ASV26","Root; k__Bacteria; p__Firmicutes; c__Firmicutes_unclassified; o__Firmicutes_unclassified; f__Firmicutes_unclassified; g__Firmicutes_unclassified"
"ASV27","Root; k__Bacteria; p__Epsilonbacteraeota; c__Campylobacteria; o__Campylobacterales; f__Helicobacteraceae; g__Wolinella"
"ASV28","Root; k__Bacteria; p__Proteobacteria; c__Deltaproteobacteria; o__Desulfovibrionales; f__Desulfovibrionaceae; g__Desulfocurvus"
"ASV29","Root; k__Bacteria; p__Proteobacteria; c__Gammaproteobacteria; o__Pseudomonadales; f__Pseudomonadaceae; g__Pseudomonas"
"ASV30","Root; k__Bacteria; p__Bacteroidetes; c__Bacteroidia; o__Bacteroidales; f__Rikenellaceae; g__Blvii28_wastewater-sludge_group"
"ASV31","Root; k__Bacteria; p__Proteobacteria; c__Deltaproteobacteria; o__Desulfobacterales; f__Desulfobacteraceae; g__Desulfobacteraceae_unclassified"
"ASV32","Root; k__Bacteria; p__Firmicutes; c__Clostridia; o__Clostridiales; f__Clostridiales_unclassified; g__Clostridiales_unclassified"
"ASV33","Root; k__Bacteria; p__Proteobacteria; c__Deltaproteobacteria; o__Desulfuromonadales; f__Desulfuromonadales_unclassified; g__Desulfuromonadales_unclassified"
"ASV34","Root; k__Bacteria; p__Tenericutes; c__Mollicutes; o__Acholeplasmatales; f__Acholeplasmataceae; g__Acholeplasma"
"ASV35","Root; k__Bacteria; p__Proteobacteria; c__Gammaproteobacteria; o__Nitrococcales; f__Nitrococcales_unclassified; g__Nitrococcales_unclassified"
"ASV36","Root; k__Archaea; p__Euryarchaeota; c__Methanomicrobia; o__Methanosarcinales; f__Methanosarcinaceae; g__Methanosarcina"
"ASV37","Root; k__Bacteria; p__Actinobacteria; c__Coriobacteriia; o__OPB41; f__OPB41_fa; g__OPB41_ge"
"ASV38","Root; k__Bacteria; p__Proteobacteria; c__Gammaproteobacteria; o__Betaproteobacteriales; f__Burkholderiaceae; g__Burkholderiaceae_unclassified"
"ASV39","Root; k__Bacteria; p__Firmicutes; c__Bacilli; o__Bacillales; f__Family_XII; g__Exiguobacterium"
"ASV40","Root; k__Bacteria; p__Bacteroidetes; c__Bacteroidia; o__Bacteroidales; f__Dysgonomonadaceae; g__Proteiniphilum"
"ASV41","Root; k__Bacteria; p__Firmicutes; c__Clostridia; o__Clostridiales; f__Clostridiales_unclassified; g__Clostridiales_unclassified"
"ASV42","Root; k__Bacteria; p__Firmicutes; c__Clostridia; o__Clostridiales; f__Peptostreptococcaceae; g__Asaccharospora"
"ASV43","Root; k__Bacteria; p__Firmicutes; c__Clostridia; o__Clostridiales; f__Ruminococcaceae; g__Ruminiclostridium_1"
"ASV44","Root; k__Bacteria; p__Firmicutes; c__Firmicutes_unclassified; o__Firmicutes_unclassified; f__Firmicutes_unclassified; g__Firmicutes_unclassified"
"ASV45","Root; k__Bacteria; p__Firmicutes; c__Clostridia; o__Clostridiales; f__Clostridiales_unclassified; g__Clostridiales_unclassified"
"ASV46","Root; k__Bacteria; p__Firmicutes; c__Clostridia; o__Clostridiales; f__Clostridiales_unclassified; g__Clostridiales_unclassified"
"ASV47","Root; k__Bacteria; p__Firmicutes; c__Clostridia; o__Clostridiales; f__Clostridiales_unclassified; g__Clostridiales_unclassified"
"ASV48","Root; k__Bacteria; p__Proteobacteria; c__Alphaproteobacteria; o__Rhodobacterales; f__Rhodobacteraceae; g__Rhodobacteraceae_unclassified"
"ASV49","Root; k__Bacteria; p__Proteobacteria; c__Deltaproteobacteria; o__Desulfovibrionales; f__Desulfovibrionaceae; g__Desulfocurvus"
"ASV50","Root; k__Bacteria; p__Atribacteria; c__Caldatribacteriia; o__Caldatribacteriales; f__Caldatribacteriaceae; g__Candidatus_Caldatribacterium"
"ASV51","Root; k__Bacteria; p__Firmicutes; c__Bacilli; o__Bacillales; f__Bacillaceae; g__Bacillaceae_unclassified"
"ASV52","Root; k__Bacteria; p__Bacteroidetes; c__Bacteroidia; o__Bacteroidales; f__Bacteroidales_unclassified; g__Bacteroidales_unclassified"
"ASV53","Root; k__Bacteria; p__Deferribacteres; c__Deferribacteres; o__Deferribacterales; f__Deferribacteraceae; g__Deferribacteraceae_unclassified"
"ASV54","Root; k__Bacteria; p__Firmicutes; c__Clostridia; o__Clostridiales; f__Clostridiales_unclassified; g__Clostridiales_unclassified"
"ASV55","Root; k__Bacteria; p__Firmicutes; c__Firmicutes_unclassified; o__Firmicutes_unclassified; f__Firmicutes_unclassified; g__Firmicutes_unclassified"
"ASV56","Root; k__Bacteria; p__Firmicutes; c__Bacilli; o__Bacillales; f__Planococcaceae; g__Psychrobacillus"
"ASV57","Root; k__Bacteria; p__Proteobacteria; c__Gammaproteobacteria; o__Pseudomonadales; f__Pseudomonadaceae; g__Pseudomonas"
"ASV58","Root; k__Bacteria; p__Firmicutes; c__Bacilli; o__Bacillales; f__Bacillaceae; g__Bacillaceae_unclassified"
"ASV59","Root; k__Bacteria; p__Proteobacteria; c__Deltaproteobacteria; o__Desulfuromonadales; f__Geobacteraceae; g__Geobacter"
"ASV60","Root; k__Bacteria; p__Firmicutes; c__Clostridia; o__Clostridiales; f__Family_XI; g__Family_XI_unclassified"
"ASV61","Root; k__Bacteria; p__Bacteroidetes; c__Bacteroidia; o__Bacteroidales; f__Dysgonomonadaceae; g__Proteiniphilum"
"ASV62","Root; k__Bacteria; p__Firmicutes; c__Bacilli; o__Bacillales; f__Planococcaceae; g__Solibacillus"
"ASV63","Root; k__Bacteria; p__Firmicutes; c__Firmicutes_unclassified; o__Firmicutes_unclassified; f__Firmicutes_unclassified; g__Firmicutes_unclassified"
"ASV64","Root; k__Bacteria; p__Proteobacteria; c__Alphaproteobacteria; o__Rhodospirillales; f__Rhodospirillaceae; g__Caenispirillum"
"ASV65","Root; k__Bacteria; p__Firmicutes; c__Clostridia; o__Clostridiales; f__Heliobacteriaceae; g__Heliobacteriaceae_unclassified"
"ASV66","Root; k__Bacteria; p__Firmicutes; c__Clostridia; o__Clostridiales; f__Clostridiales_unclassified; g__Clostridiales_unclassified"
"ASV67","Root; k__Bacteria; p__Firmicutes; c__Clostridia; o__Clostridiales; f__Family_XI; g__Sedimentibacter"
"ASV68","Root; k__Bacteria; p__Proteobacteria; c__Gammaproteobacteria; o__Pseudomonadales; f__Pseudomonadaceae; g__Pseudomonas"
"ASV69","Root; k__Bacteria; p__Bacteroidetes; c__Bacteroidia; o__Bacteroidales; f__Rikenellaceae; g__Blvii28_wastewater-sludge_group"
"ASV70","Root; k__Bacteria; p__Chloroflexi; c__Anaerolineae; o__Anaerolineales; f__Anaerolineaceae; g__uncultured"
"ASV71","Root; k__Bacteria; p__Firmicutes; c__Clostridia; o__Clostridiales; f__Peptococcaceae; g__Peptococcaceae_unclassified"
"ASV72","Root; k__Bacteria; p__Proteobacteria; c__Deltaproteobacteria; o__Deltaproteobacteria_unclassified; f__Deltaproteobacteria_unclassified; g__Deltaproteobacteria_unclassified"
"ASV73","Root; k__Bacteria; p__Firmicutes; c__Clostridia; o__Clostridiales; f__Clostridiaceae_4; g__Clostridiaceae_4_unclassified"
"ASV74","Root; k__Bacteria; p__Bacteroidetes; c__Bacteroidia; o__Bacteroidales; f__Rikenellaceae; g__Rikenellaceae_unclassified"
"ASV75","Root; k__Bacteria; p__Firmicutes; c__Clostridia; o__Clostridia_unclassified; f__Clostridia_unclassified; g__Clostridia_unclassified"
"ASV76","Root; k__Bacteria; p__Firmicutes; c__Firmicutes_unclassified; o__Firmicutes_unclassified; f__Firmicutes_unclassified; g__Firmicutes_unclassified"
"ASV77","Root; k__Bacteria; p__Firmicutes; c__Clostridia; o__Clostridiales; f__Clostridiales_unclassified; g__Clostridiales_unclassified"
"ASV78","Root; k__Bacteria; p__Bacteroidetes; c__Bacteroidia; o__Bacteroidales; f__Rikenellaceae; g__Rikenellaceae_unclassified"
"ASV79","Root; k__Bacteria; p__Firmicutes; c__Bacilli; o__Bacillales; f__Bacillaceae; g__Bacillaceae_unclassified"
"ASV80","Root; k__Bacteria; p__Firmicutes; c__Clostridia; o__Clostridiales; f__Clostridiales_unclassified; g__Clostridiales_unclassified"
"ASV81","Root; k__Bacteria; p__Bacteroidetes; c__Bacteroidia; o__Bacteroidales; f__Paludibacteraceae; g__uncultured"
"ASV82","Root; k__Bacteria; p__Firmicutes; c__Clostridia; o__Clostridiales; f__Peptococcaceae; g__Desulfotomaculum"
"ASV83","Root; k__Bacteria; p__Firmicutes; c__Clostridia; o__Clostridiales; f__Lachnospiraceae; g__possible_genus_Sk018"
"ASV84","Root; k__Bacteria; p__Firmicutes; c__Bacilli; o__Bacillales; f__Planococcaceae; g__Psychrobacillus"
"ASV85","Root; k__Bacteria; p__Firmicutes; c__Clostridia; o__Clostridiales; f__Peptostreptococcaceae; g__Asaccharospora"
"ASV86","Root; k__Bacteria; p__Firmicutes; c__Clostridia; o__Clostridiales; f__Peptococcaceae; g__Desulfotomaculum"
"ASV87","Root; k__Bacteria; p__Firmicutes; c__Bacilli; o__Bacillales; f__Planococcaceae; g__Lysinibacillus"
"ASV88","Root; k__Bacteria; p__Proteobacteria; c__Gammaproteobacteria; o__Betaproteobacteriales; f__Rhodocyclaceae; g__Rhodocyclaceae_unclassified"
"ASV89","Root; k__Bacteria; p__Firmicutes; c__Bacilli; o__Bacillales; f__Family_XII; g__Exiguobacterium"
"ASV91","Root; k__Bacteria; p__Firmicutes; c__Bacilli; o__Bacillales; f__Bacillaceae; g__Bacillaceae_unclassified"
"ASV92","Root; k__Bacteria; p__Proteobacteria; c__Gammaproteobacteria; o__Betaproteobacteriales; f__Betaproteobacteriales_unclassified; g__Betaproteobacteriales_unclassified"
"ASV93","Root; k__Bacteria; p__Firmicutes; c__Bacilli; o__Bacillales; f__Bacillaceae; g__Bacillaceae_ge"
"ASV95","Root; k__Bacteria; p__Firmicutes; c__Clostridia; o__Clostridiales; f__Clostridiales_unclassified; g__Clostridiales_unclassified"
"ASV96","Root; k__Bacteria; p__Synergistetes; c__Synergistia; o__Synergistales; f__Synergistaceae; g__Syner-01"
"ASV97","Root; k__Bacteria; p__Firmicutes; c__Clostridia; o__Clostridiales; f__Clostridiales_unclassified; g__Clostridiales_unclassified"
"ASV98","Root; k__Bacteria; p__Firmicutes; c__Clostridia; o__Clostridiales; f__Peptostreptococcaceae; g__Asaccharospora"
"ASV99","Root; k__Bacteria; p__Proteobacteria; c__Gammaproteobacteria; o__Betaproteobacteriales; f__Betaproteobacteriales_unclassified; g__Betaproteobacteriales_unclassified"
"ASV101","Root; k__Bacteria; p__Firmicutes; c__Clostridia; o__Clostridiales; f__Peptostreptococcaceae; g__Asaccharospora"
"ASV103","Root; k__Bacteria; p__Firmicutes; c__Clostridia; o__Clostridiales; f__Lachnospiraceae; g__Lachnospiraceae_unclassified"
"ASV104","Root; k__Bacteria; p__Firmicutes; c__Clostridia; o__Clostridiales; f__Peptococcaceae; g__Thermincola"
"ASV105","Root; k__Bacteria; p__Firmicutes; c__Clostridia; o__Clostridiales; f__Ruminococcaceae; g__Ruminococcaceae_UCG-010"
"ASV106","Root; k__Bacteria; p__Firmicutes; c__Clostridia; o__Clostridiales; f__Ruminococcaceae; g__Ruminococcaceae_unclassified"
"ASV107","Root; k__Bacteria; p__Proteobacteria; c__Deltaproteobacteria; o__Desulfuromonadales; f__Desulfuromonadales_unclassified; g__Desulfuromonadales_unclassified"
"ASV108","Root; k__Bacteria; p__Firmicutes; c__Clostridia; o__Clostridiales; f__Ruminococcaceae; g__Ruminiclostridium_9"
"ASV109","Root; k__Bacteria; p__Firmicutes; c__Clostridia; o__Clostridiales; f__Family_XI; g__Family_XI_ge"
"ASV110","Root; k__Bacteria; p__Firmicutes; c__Clostridia; o__Clostridiales; f__Family_XI; g__Sedimentibacter"
"ASV111","Root; k__Bacteria; p__Firmicutes; c__Clostridia; o__Clostridiales; f__Syntrophomonadaceae; g__Syntrophomonas"
"ASV113","Root; k__Bacteria; p__Firmicutes; c__Bacilli; o__Bacillales; f__Planococcaceae; g__Lysinibacillus"
"ASV114","Root; k__Bacteria; p__Synergistetes; c__Synergistia; o__Synergistales; f__Synergistaceae; g__uncultured"
"ASV115","Root; k__Bacteria; p__Firmicutes; c__Bacilli; o__Bacillales; f__Bacillaceae; g__Bacillaceae_unclassified"
"ASV117","Root; k__Bacteria; p__Firmicutes; c__Bacilli; o__Bacillales; f__Bacillales_unclassified; g__Bacillales_unclassified"
"ASV118","Root; k__Bacteria; p__Firmicutes; c__Clostridia; o__Clostridia_unclassified; f__Clostridia_unclassified; g__Clostridia_unclassified"
"ASV119","Root; k__Bacteria; p__Firmicutes; c__Firmicutes_unclassified; o__Firmicutes_unclassified; f__Firmicutes_unclassified; g__Firmicutes_unclassified"
"ASV120","Root; k__Bacteria; p__Firmicutes; c__Bacilli; o__Bacillales; f__Planococcaceae; g__Lysinibacillus"
"ASV122","Root; k__Bacteria; p__Firmicutes; c__Clostridia; o__Clostridiales; f__Family_XIII; g__Family_XIII_unclassified"
"ASV123","Root; k__Bacteria; p__Proteobacteria; c__Deltaproteobacteria; o__Desulfovibrionales; f__Desulfovibrionaceae; g__Desulfovibrio"
"ASV124","Root; k__Bacteria; p__Firmicutes; c__Clostridia; o__Clostridiales; f__Family_XI; g__Sedimentibacter"
"ASV126","Root; k__Bacteria; p__Firmicutes; c__Clostridia; o__Clostridiales; f__Clostridiales_unclassified; g__Clostridiales_unclassified"
"ASV127","Root; k__Bacteria; p__Firmicutes; c__Firmicutes_unclassified; o__Firmicutes_unclassified; f__Firmicutes_unclassified; g__Firmicutes_unclassified"
"ASV129","Root; k__Bacteria; p__Firmicutes; c__Firmicutes_unclassified; o__Firmicutes_unclassified; f__Firmicutes_unclassified; g__Firmicutes_unclassified"
"ASV130","Root; k__Bacteria; p__Synergistetes; c__Synergistia; o__Synergistales; f__Synergistaceae; g__uncultured"
"ASV131","Root; k__Bacteria; p__Firmicutes; c__Clostridia; o__Clostridiales; f__Clostridiaceae_4; g__Caminicella"
"ASV132","Root; k__Bacteria; p__Bacteroidetes; c__Bacteroidia; o__Bacteroidales; f__Dysgonomonadaceae; g__Proteiniphilum"
"ASV133","Root; k__Bacteria; p__Proteobacteria; c__Deltaproteobacteria; o__Desulfobacterales; f__Desulfobulbaceae; g__Desulfobulbaceae_unclassified"
"ASV134","Root; k__Bacteria; p__Firmicutes; c__Clostridia; o__Clostridiales; f__Peptococcaceae; g__Dehalobacterium"
"ASV135","Root; k__Bacteria; p__Firmicutes; c__Clostridia; o__Clostridiales; f__Clostridiales_unclassified; g__Clostridiales_unclassified"
"ASV136","Root; k__Bacteria; p__Firmicutes; c__Clostridia; o__Clostridiales; f__Family_XI; g__Family_XI_ge"
"ASV137","Root; k__Bacteria; p__Proteobacteria; c__Gammaproteobacteria; o__Pseudomonadales; f__Pseudomonadaceae; g__Pseudomonas"
"ASV138","Root; k__Bacteria; p__Firmicutes; c__Clostridia; o__Clostridiales; f__Clostridiales_unclassified; g__Clostridiales_unclassified"
"ASV139","Root; k__Bacteria; p__Firmicutes; c__Bacilli; o__Bacillales; f__Bacillales_unclassified; g__Bacillales_unclassified"
"ASV140","Root; k__Bacteria; p__Firmicutes; c__Clostridia; o__Clostridiales; f__Family_XI; g__Family_XI_unclassified"
"ASV141","Root; k__Bacteria; p__Firmicutes; c__Firmicutes_unclassified; o__Firmicutes_unclassified; f__Firmicutes_unclassified; g__Firmicutes_unclassified"
"ASV142","Root; k__Bacteria; p__Firmicutes; c__Clostridia; o__Clostridiales; f__Lachnospiraceae; g__Lachnospiraceae_unclassified"
"ASV143","Root; k__Bacteria; p__Proteobacteria; c__Gammaproteobacteria; o__Betaproteobacteriales; f__Burkholderiaceae; g__Rugamonas"
"ASV144","Root; k__Bacteria; p__Firmicutes; c__Clostridia; o__Clostridia_unclassified; f__Clostridia_unclassified; g__Clostridia_unclassified"
"ASV145","Root; k__Bacteria; p__Proteobacteria; c__Gammaproteobacteria; o__Betaproteobacteriales; f__Burkholderiaceae; g__Rugamonas"
"ASV146","Root; k__Bacteria; p__Proteobacteria; c__Gammaproteobacteria; o__Enterobacteriales; f__Enterobacteriaceae; g__Enterobacteriaceae_unclassified"
"ASV147","Root; k__Bacteria; p__Firmicutes; c__Clostridia; o__Clostridiales; f__Clostridiales_unclassified; g__Clostridiales_unclassified"
"ASV148","Root; k__Bacteria; p__Firmicutes; c__Bacilli; o__Bacillales; f__Bacillaceae; g__Bacillaceae_unclassified"
"ASV149","Root; k__Bacteria; p__Proteobacteria; c__Deltaproteobacteria; o__Deltaproteobacteria_unclassified; f__Deltaproteobacteria_unclassified; g__Deltaproteobacteria_unclassified"
"ASV150","Root; k__Bacteria; p__Firmicutes; c__Bacilli; o__Bacillales; f__Bacillaceae; g__Bacillaceae_ge"
"ASV151","Root; k__Bacteria; p__Firmicutes; c__Clostridia; o__Clostridiales; f__Clostridiales_unclassified; g__Clostridiales_unclassified"
"ASV152","Root; k__Bacteria; p__Deferribacteres; c__Deferribacteres; o__Deferribacterales; f__Deferribacteraceae; g__Deferribacteraceae_unclassified"
"ASV153","Root; k__Bacteria; p__Synergistetes; c__Synergistia; o__Synergistales; f__Synergistaceae; g__EBM-39"
"ASV154","Root; k__Bacteria; p__Firmicutes; c__Clostridia; o__Clostridiales; f__Lachnospiraceae; g__Lachnospiraceae_unclassified"
"ASV155","Root; k__Bacteria; p__Synergistetes; c__Synergistia; o__Synergistales; f__Synergistaceae; g__EBM-39"
"ASV157","Root; k__Bacteria; p__Chloroflexi; c__Anaerolineae; o__Anaerolineales; f__Anaerolineaceae; g__Anaerolineaceae_unclassified"
"ASV158","Root; k__Bacteria; p__Firmicutes; c__Bacilli; o__Bacillales; f__Bacillaceae; g__Bacillaceae_unclassified"
"ASV159","Root; k__Bacteria; p__Proteobacteria; c__Alphaproteobacteria; o__Rhizobiales; f__Beijerinckiaceae; g__Beijerinckiaceae_unclassified"
"ASV160","Root; k__Bacteria; p__Chloroflexi; c__Anaerolineae; o__Anaerolineales; f__Anaerolineaceae; g__Longilinea"
"ASV161","Root; k__Bacteria; p__Firmicutes; c__Clostridia; o__Clostridiales; f__Peptococcaceae; g__Desulfotomaculum"
"ASV162","Root; k__Bacteria; p__Firmicutes; c__Firmicutes_unclassified; o__Firmicutes_unclassified; f__Firmicutes_unclassified; g__Firmicutes_unclassified"
"ASV163","Root; k__Bacteria; p__Firmicutes; c__Clostridia; o__Clostridiales; f__Peptococcaceae; g__Peptococcaceae_unclassified"
"ASV164","Root; k__Bacteria; p__Firmicutes; c__Firmicutes_unclassified; o__Firmicutes_unclassified; f__Firmicutes_unclassified; g__Firmicutes_unclassified"
"ASV165","Root; k__Bacteria; p__Firmicutes; c__Bacilli; o__Bacillales; f__Bacillales_unclassified; g__Bacillales_unclassified"
"ASV166","Root; k__Bacteria; p__Firmicutes; c__Bacilli; o__Bacillales; f__Bacillaceae; g__Bacillaceae_ge"
"ASV167","Root; k__Bacteria; p__Proteobacteria; c__Alphaproteobacteria; o__Caulobacterales; f__Caulobacteraceae; g__Brevundimonas"
"ASV168","Root; k__Bacteria; p__Firmicutes; c__Clostridia; o__Clostridiales; f__Clostridiaceae_4; g__Clostridiaceae_4_unclassified"
"ASV169","Root; k__Bacteria; p__Deferribacteres; c__Deferribacteres; o__Deferribacterales; f__Deferribacteraceae; g__Deferribacteraceae_unclassified"
"ASV170","Root; k__Bacteria; p__Chloroflexi; c__Anaerolineae; o__Anaerolineales; f__Anaerolineaceae; g__uncultured"
"ASV171","Root; k__Bacteria; p__Firmicutes; c__Clostridia; o__Clostridiales; f__Peptococcaceae; g__Desulfotomaculum"
"ASV172","Root; k__Bacteria; p__Firmicutes; c__Clostridia; o__Clostridiales; f__Peptococcaceae; g__Desulfotomaculum"
"ASV173","Root; k__Bacteria; p__Chloroflexi; c__Anaerolineae; o__Anaerolineales; f__Anaerolineaceae; g__uncultured"
"ASV174","Root; k__Bacteria; p__Proteobacteria; c__Gammaproteobacteria; o__Xanthomonadales; f__Xanthomonadaceae; g__Stenotrophomonas"
"ASV175","Root; k__Bacteria; p__Chloroflexi; c__Anaerolineae; o__Anaerolineales; f__Anaerolineaceae; g__Anaerolinea"
"ASV176","Root; k__Bacteria; p__Proteobacteria; c__Deltaproteobacteria; o__Desulfobacterales; f__Desulfobacteraceae; g__Desulfobacteraceae_unclassified"
"ASV177","Root; k__Bacteria; p__Firmicutes; c__Clostridia; o__Clostridiales; f__Ruminococcaceae; g__Ruminococcaceae_unclassified"
"ASV178","Root; k__Bacteria; p__Firmicutes; c__Firmicutes_unclassified; o__Firmicutes_unclassified; f__Firmicutes_unclassified; g__Firmicutes_unclassified"
"ASV179","Root; k__Bacteria; p__Firmicutes; c__Bacilli; o__Bacillales; f__Bacillales_unclassified; g__Bacillales_unclassified"
"ASV180","Root; k__Bacteria; p__Firmicutes; c__Clostridia; o__Clostridiales; f__Ruminococcaceae; g__Acetanaerobacterium"
"ASV181","Root; k__Bacteria; p__Firmicutes; c__Clostridia; o__Clostridiales; f__Peptococcaceae; g__Syntrophobotulus"
"ASV182","Root; k__Bacteria; p__Bacteroidetes; c__Bacteroidia; o__Bacteroidales; f__Paludibacteraceae; g__uncultured"
"ASV183","Root; k__Bacteria; p__Firmicutes; c__Clostridia; o__Clostridiales; f__Clostridiales_unclassified; g__Clostridiales_unclassified"
"ASV184","Root; k__Bacteria; p__Chloroflexi; c__Anaerolineae; o__Caldilineales; f__Caldilineaceae; g__uncultured"
"ASV185","Root; k__Bacteria; p__Firmicutes; c__Clostridia; o__Clostridiales; f__Ruminococcaceae; g__Ruminiclostridium_1"
"ASV186","Root; k__Bacteria; p__Firmicutes; c__Clostridia; o__Clostridiales; f__Ruminococcaceae; g__Ruminococcaceae_unclassified"
"ASV187","Root; k__Bacteria; p__Firmicutes; c__Firmicutes_unclassified; o__Firmicutes_unclassified; f__Firmicutes_unclassified; g__Firmicutes_unclassified"
"ASV188","Root; k__Bacteria; p__Firmicutes; c__Clostridia; o__Clostridiales; f__Ruminococcaceae; g__Ruminiclostridium_9"
"ASV189","Root; k__Bacteria; p__Proteobacteria; c__Deltaproteobacteria; o__Desulfobacterales; f__Desulfobulbaceae; g__Desulfobulbaceae_unclassified"
"ASV190","Root; k__Bacteria; p__Firmicutes; c__Clostridia; o__Clostridiales; f__Lachnospiraceae; g__possible_genus_Sk018"
"ASV191","Root; k__Bacteria; p__Firmicutes; c__Clostridia; o__Clostridiales; f__Lachnospiraceae; g__possible_genus_Sk018"
"ASV192","Root; k__Bacteria; p__Firmicutes; c__Bacilli; o__Bacillales; f__Bacillaceae; g__Bacillaceae_unclassified"
"ASV193","Root; k__Bacteria; p__Firmicutes; c__Clostridia; o__Clostridiales; f__Family_XIII; g__Family_XIII_unclassified"
"ASV194","Root; k__Bacteria; p__Firmicutes; c__Clostridia; o__Clostridiales; f__Peptococcaceae; g__Desulfotomaculum"
"ASV195","Root; k__Bacteria; p__Chloroflexi; c__Anaerolineae; o__Anaerolineales; f__Anaerolineaceae; g__uncultured"
"ASV196","Root; k__Bacteria; p__Proteobacteria; c__Deltaproteobacteria; o__Syntrophobacterales; f__Syntrophaceae; g__Desulfobacca"
"ASV197","Root; k__Bacteria; p__Proteobacteria; c__Gammaproteobacteria; o__Betaproteobacteriales; f__Rhodocyclaceae; g__Rhodocyclaceae_unclassified"
"ASV198","Root; k__Bacteria; p__Firmicutes; c__Clostridia; o__Clostridiales; f__Family_XI; g__Family_XI_unclassified"
"ASV199","Root; k__Bacteria; p__Actinobacteria; c__Coriobacteriia; o__OPB41; f__OPB41_fa; g__OPB41_ge"
"ASV200","Root; k__Bacteria; p__Firmicutes; c__Clostridia; o__Clostridiales; f__Lachnospiraceae; g__Lachnospiraceae_unclassified"
"ASV201","Root; k__Bacteria; p__Firmicutes; c__Clostridia; o__Clostridiales; f__Ruminococcaceae; g__Ruminococcaceae_unclassified"
"ASV202","Root; k__Bacteria; p__Bacteroidetes; c__Bacteroidia; o__Bacteroidia_unclassified; f__Bacteroidia_unclassified; g__Bacteroidia_unclassified"
"ASV203","Root; k__Bacteria; p__Actinobacteria; c__Actinobacteria; o__Micrococcales; f__Micrococcales_unclassified; g__Micrococcales_unclassified"
"ASV204","Root; k__Bacteria; p__Firmicutes; c__Clostridia; o__Clostridiales; f__Clostridiaceae_1; g__Clostridiaceae_1_unclassified"
"ASV205","Root; k__Bacteria; p__Firmicutes; c__Clostridia; o__Clostridiales; f__Clostridiales_unclassified; g__Clostridiales_unclassified"
"ASV206","Root; k__Bacteria; p__Firmicutes; c__Clostridia; o__Clostridiales; f__Peptococcaceae; g__Peptococcaceae_unclassified"
"ASV207","Root; k__Bacteria; p__Bacteroidetes; c__Bacteroidia; o__Bacteroidales; f__Dysgonomonadaceae; g__Proteiniphilum"
"ASV208","Root; k__Bacteria; p__Firmicutes; c__Bacilli; o__Bacillales; f__Planococcaceae; g__Solibacillus"
"ASV209","Root; k__Bacteria; p__Bacteroidetes; c__Bacteroidia; o__Bacteroidia_unclassified; f__Bacteroidia_unclassified; g__Bacteroidia_unclassified"
"ASV210","Root; k__Bacteria; p__Firmicutes; c__Clostridia; o__Clostridiales; f__Family_XI; g__Family_XI_ge"
"ASV211","Root; k__Bacteria; p__Proteobacteria; c__Deltaproteobacteria; o__Desulfuromonadales; f__Desulfuromonadales_unclassified; g__Desulfuromonadales_unclassified"
"ASV212","Root; k__Bacteria; p__Synergistetes; c__Synergistia; o__Synergistales; f__Synergistaceae; g__uncultured"
"ASV213","Root; k__Bacteria; p__Firmicutes; c__Clostridia; o__Clostridiales; f__Ruminococcaceae; g__Acetanaerobacterium"
"ASV214","Root; k__Bacteria; p__Firmicutes; c__Clostridia; o__Clostridiales; f__Syntrophomonadaceae; g__Syntrophomonas"
"ASV215","Root; k__Bacteria; p__Actinobacteria; c__Coriobacteriia; o__OPB41; f__OPB41_fa; g__OPB41_ge"
"ASV216","Root; k__Bacteria; p__Firmicutes; c__Clostridia; o__Clostridiales; f__Family_XIII; g__Family_XIII_unclassified"
"ASV217","Root; k__Bacteria; p__Firmicutes; c__Clostridia; o__Clostridiales; f__Clostridiaceae_4; g__Clostridiaceae_4_unclassified"
"ASV218","Root; k__Bacteria; p__Firmicutes; c__Clostridia; o__Clostridiales; f__Peptostreptococcaceae; g__Asaccharospora"
"ASV219","Root; k__Bacteria; p__Firmicutes; c__Clostridia; o__Clostridiales; f__Clostridiales_unclassified; g__Clostridiales_unclassified"
"ASV220","Root; k__Bacteria; p__Proteobacteria; c__Gammaproteobacteria; o__Enterobacteriales; f__Enterobacteriaceae; g__Enterobacteriaceae_unclassified"
"ASV221","Root; k__Bacteria; p__Spirochaetes; c__Spirochaetia; o__Spirochaetales; f__Spirochaetaceae; g__Sphaerochaeta"
"ASV222","Root; k__Bacteria; p__Firmicutes; c__Clostridia; o__Clostridiales; f__Clostridiales_unclassified; g__Clostridiales_unclassified"
"ASV223","Root; k__Bacteria; p__Firmicutes; c__Clostridia; o__Clostridiales; f__Lachnospiraceae; g__possible_genus_Sk018"
"ASV224","Root; k__Bacteria; p__Bacteroidetes; c__Bacteroidia; o__Bacteroidales; f__Dysgonomonadaceae; g__Proteiniphilum"
"ASV225","Root; k__Bacteria; p__Firmicutes; c__Clostridia; o__Clostridiales; f__Clostridiaceae_1; g__Clostridiaceae_1_unclassified"
"ASV226","Root; k__Bacteria; p__Firmicutes; c__Clostridia; o__Clostridiales; f__Lachnospiraceae; g__Lachnospiraceae_unclassified"
"ASV227","Root; k__Bacteria; p__Actinobacteria; c__Actinobacteria; o__Micromonosporales; f__Micromonosporaceae; g__Micromonosporaceae_unclassified"
"ASV228","Root; k__Bacteria; p__Firmicutes; c__Clostridia; o__Clostridiales; f__Family_XI; g__Family_XI_ge"
"ASV229","Root; k__Bacteria; p__Firmicutes; c__Clostridia; o__Clostridiales; f__Peptococcaceae; g__BRH-c8a"
"ASV230","Root; k__Bacteria; p__Firmicutes; c__Clostridia; o__Clostridiales; f__Ruminococcaceae; g__Ruminococcaceae_UCG-010"
"ASV231","Root; k__Bacteria; p__Lentisphaerae; c__Lentisphaeria; o__Victivallales; f__Victivallaceae; g__Victivallaceae_ge"
"ASV232","Root; k__Bacteria; p__Firmicutes; c__Clostridia; o__Clostridiales; f__Ruminococcaceae; g__[Eubacterium]_coprostanoligenes_group"
"ASV235","Root; k__Bacteria; p__Firmicutes; c__Clostridia; o__Clostridiales; f__Peptococcaceae; g__Peptococcaceae_unclassified"
"ASV236","Root; k__Bacteria; p__Firmicutes; c__Clostridia; o__Clostridiales; f__Clostridiaceae_1; g__Clostridiaceae_1_unclassified"
"ASV238","Root; k__Bacteria; p__Firmicutes; c__Clostridia; o__Clostridiales; f__Clostridiales_unclassified; g__Clostridiales_unclassified"
"ASV239","Root; k__Bacteria; p__Bacteroidetes; c__Bacteroidia; o__Bacteroidia_unclassified; f__Bacteroidia_unclassified; g__Bacteroidia_unclassified"
"ASV240","Root; k__Bacteria; p__Proteobacteria; c__Deltaproteobacteria; o__Desulfobacterales; f__Desulfobacteraceae; g__Desulfoluna"
"ASV241","Root; k__Bacteria; p__Proteobacteria; c__Gammaproteobacteria; o__Xanthomonadales; f__Xanthomonadaceae; g__Pseudoxanthomonas"
"ASV244","Root; k__Bacteria; p__Bacteroidetes; c__Bacteroidia; o__Bacteroidales; f__Paludibacteraceae; g__uncultured"
"ASV245","Root; k__Bacteria; p__Firmicutes; c__Clostridia; o__Clostridiales; f__Family_XIII; g__Family_XIII_unclassified"
"ASV246","Root; k__Bacteria; p__Actinobacteria; c__Actinobacteria; o__Corynebacteriales; f__Corynebacteriaceae; g__Corynebacterium_1"
"ASV247","Root; k__Bacteria; p__Firmicutes; c__Clostridia; o__Clostridia_unclassified; f__Clostridia_unclassified; g__Clostridia_unclassified"
"ASV248","Root; k__Bacteria; p__Firmicutes; c__Clostridia; o__Clostridiales; f__Family_XI; g__Sedimentibacter"
"ASV249","Root; k__Bacteria; p__Firmicutes; c__Clostridia; o__Clostridiales; f__Christensenellaceae; g__uncultured"
"ASV250","Root; k__Bacteria; p__Firmicutes; c__Clostridia; o__Clostridiales; f__Family_XI; g__Sedimentibacter"
"ASV251","Root; k__Archaea; p__Euryarchaeota; c__Methanomicrobia; o__Methanomicrobia_unclassified; f__Methanomicrobia_unclassified; g__Methanomicrobia_unclassified"
"ASV252","Root; k__Bacteria; p__Firmicutes; c__Clostridia; o__Clostridia_unclassified; f__Clostridia_unclassified; g__Clostridia_unclassified"
"ASV253","Root; k__Bacteria; p__Firmicutes; c__Clostridia; o__Clostridiales; f__Family_XIII; g__Family_XIII_unclassified"
"ASV255","Root; k__Bacteria; p__Firmicutes; c__Clostridia; o__Clostridiales; f__Clostridiales_unclassified; g__Clostridiales_unclassified"
"ASV256","Root; k__Bacteria; p__Proteobacteria; c__Gammaproteobacteria; o__Xanthomonadales; f__Xanthomonadaceae; g__Stenotrophomonas"
"ASV257","Root; k__Bacteria; p__Firmicutes; c__Clostridia; o__Clostridia_unclassified; f__Clostridia_unclassified; g__Clostridia_unclassified"
"ASV258","Root; k__Bacteria; p__Actinobacteria; c__Actinobacteria; o__Corynebacteriales; f__Nocardiaceae; g__Rhodococcus"
"ASV259","Root; k__Bacteria; p__Proteobacteria; c__Deltaproteobacteria; o__Desulfovibrionales; f__Desulfovibrionaceae; g__Desulfovibrio"
"ASV260","Root; k__Bacteria; p__Firmicutes; c__Clostridia; o__Clostridiales; f__Ruminococcaceae; g__Ruminococcaceae_unclassified"
"ASV262","Root; k__Bacteria; p__Chloroflexi; c__Anaerolineae; o__Anaerolineales; f__Anaerolineaceae; g__Anaerolineaceae_unclassified"
"ASV263","Root; k__Bacteria; p__Proteobacteria; c__Deltaproteobacteria; o__Deltaproteobacteria_unclassified; f__Deltaproteobacteria_unclassified; g__Deltaproteobacteria_unclassified"
"ASV264","Root; k__Bacteria; p__Firmicutes; c__Clostridia; o__Clostridiales; f__Peptostreptococcaceae; g__Asaccharospora"
"ASV265","Root; k__Bacteria; p__Firmicutes; c__Clostridia; o__Clostridiales; f__Ruminococcaceae; g__Ruminococcaceae_UCG-010"
"ASV266","Root; k__Bacteria; p__Firmicutes; c__Clostridia; o__Clostridiales; f__Clostridiaceae_1; g__Clostridium_sensu_stricto_13"
"ASV267","Root; k__Bacteria; p__Firmicutes; c__Clostridia; o__Clostridiales; f__Lachnospiraceae; g__Natranaerovirga"
"ASV268","Root; k__Archaea; p__Crenarchaeota; c__Bathyarchaeia; o__Bathyarchaeia_or; f__Bathyarchaeia_fa; g__Bathyarchaeia_ge"
"ASV269","Root; k__Bacteria; p__Synergistetes; c__Synergistia; o__Synergistales; f__Synergistaceae; g__uncultured"
"ASV270","Root; k__Bacteria; p__Synergistetes; c__Synergistia; o__Synergistales; f__Synergistaceae; g__Syner-01"
"ASV271","Root; k__Bacteria; p__Firmicutes; c__Clostridia; o__Clostridiales; f__Ruminococcaceae; g__Ruminococcaceae_NK4A214_group"
"ASV272","Root; k__Bacteria; p__Chloroflexi; c__Anaerolineae; o__Anaerolineales; f__Anaerolineaceae; g__uncultured"
"ASV273","Root; k__Bacteria; p__Proteobacteria; c__Gammaproteobacteria; o__Pseudomonadales; f__Pseudomonadaceae; g__Pseudomonas"
"ASV274","Root; k__Bacteria; p__Firmicutes; c__Firmicutes_unclassified; o__Firmicutes_unclassified; f__Firmicutes_unclassified; g__Firmicutes_unclassified"
"ASV275","Root; k__Bacteria; p__Firmicutes; c__Clostridia; o__Clostridiales; f__Lachnospiraceae; g__possible_genus_Sk018"
"ASV277","Root; k__Bacteria; p__Firmicutes; c__Bacilli; o__Bacillales; f__Bacillaceae; g__Bacillaceae_unclassified"
"ASV278","Root; k__Bacteria; p__Firmicutes; c__Firmicutes_unclassified; o__Firmicutes_unclassified; f__Firmicutes_unclassified; g__Firmicutes_unclassified"
"ASV280","Root; k__Bacteria; p__Proteobacteria; c__Gammaproteobacteria; o__Betaproteobacteriales; f__Burkholderiaceae; g__Rugamonas"
"ASV281","Root; k__Bacteria; p__Firmicutes; c__Bacilli; o__Bacillales; f__Bacillaceae; g__Bacillaceae_unclassified"
"ASV282","Root; k__Bacteria; p__Firmicutes; c__Clostridia; o__Clostridiales; f__Clostridiaceae_1; g__Oxobacter"
"ASV283","Root; k__Bacteria; p__Firmicutes; c__Clostridia; o__Clostridiales; f__Ruminococcaceae; g__[Eubacterium]_coprostanoligenes_group"
"ASV284","Root; k__Bacteria; p__Firmicutes; c__Bacilli; o__Bacillales; f__Planococcaceae; g__Planomicrobium"
"ASV285","Root; k__Bacteria; p__Firmicutes; c__Bacilli; o__Bacillales; f__Bacillales_unclassified; g__Bacillales_unclassified"
"ASV286","Root; k__Bacteria; p__Planctomycetes; c__Planctomycetacia; o__Pirellulales; f__Pirellulaceae; g__Pirellulaceae_unclassified"
"ASV287","Root; k__Bacteria; p__Chloroflexi; c__Anaerolineae; o__Anaerolineales; f__Anaerolineaceae; g__Anaerolinea"
"ASV288","Root; k__Bacteria; p__Firmicutes; c__Clostridia; o__Clostridiales; f__Ruminococcaceae; g__Ruminococcaceae_unclassified"
"ASV289","Root; k__Bacteria; p__Firmicutes; c__Bacilli; o__Bacillales; f__Bacillaceae; g__Bacillaceae_unclassified"
"ASV290","Root; k__Bacteria; p__Firmicutes; c__Clostridia; o__Clostridiales; f__Christensenellaceae; g__Christensenellaceae_R-7_group"
"ASV291","Root; k__Bacteria; p__Firmicutes; c__Clostridia; o__Clostridiales; f__Clostridiaceae_1; g__Fonticella"
"ASV292","Root; k__Bacteria; p__Proteobacteria; c__Gammaproteobacteria; o__Pseudomonadales; f__Moraxellaceae; g__Acinetobacter"
"ASV293","Root; k__Bacteria; p__Proteobacteria; c__Gammaproteobacteria; o__Pseudomonadales; f__Moraxellaceae; g__Enhydrobacter"
"ASV294","Root; k__Bacteria; p__Proteobacteria; c__Alphaproteobacteria; o__Caulobacterales; f__Hyphomonadaceae; g__Hyphomonas"
"ASV295","Root; k__Bacteria; p__Firmicutes; c__Bacilli; o__Bacillales; f__Bacillaceae; g__Bacillaceae_ge"
"ASV296","Root; k__Bacteria; p__Firmicutes; c__Clostridia; o__Clostridia_unclassified; f__Clostridia_unclassified; g__Clostridia_unclassified"
"ASV297","Root; k__Bacteria; p__Proteobacteria; c__Gammaproteobacteria; o__Pseudomonadales; f__Moraxellaceae; g__Acinetobacter"
"ASV298","Root; k__Bacteria; p__Firmicutes; c__Clostridia; o__Clostridiales; f__Clostridiales_unclassified; g__Clostridiales_unclassified"
"ASV299","Root; k__Bacteria; p__Chloroflexi; c__Anaerolineae; o__Anaerolineales; f__Anaerolineaceae; g__Anaerolineaceae_unclassified"
"ASV300","Root; k__Bacteria; p__Firmicutes; c__Clostridia; o__Clostridiales; f__Gracilibacteraceae; g__Gracilibacter"
"ASV301","Root; k__Bacteria; p__Firmicutes; c__Clostridia; o__Clostridia_unclassified; f__Clostridia_unclassified; g__Clostridia_unclassified"
"ASV302","Root; k__Bacteria; p__Bacteroidetes; c__Ignavibacteria; o__Kryptoniales; f__MSB-3C8; g__MSB-3C8_ge"
"ASV303","Root; k__Bacteria; p__Proteobacteria; c__Alphaproteobacteria; o__Caulobacterales; f__Caulobacteraceae; g__Brevundimonas"
"ASV304","Root; k__Bacteria; p__Firmicutes; c__Clostridia; o__Clostridiales; f__Clostridiaceae_1; g__Clostridium_sensu_stricto_4"
"ASV305","Root; k__Bacteria; p__Firmicutes; c__Firmicutes_unclassified; o__Firmicutes_unclassified; f__Firmicutes_unclassified; g__Firmicutes_unclassified"
"ASV306","Root; k__Bacteria; p__Firmicutes; c__Firmicutes_unclassified; o__Firmicutes_unclassified; f__Firmicutes_unclassified; g__Firmicutes_unclassified"
"ASV307","Root; k__Bacteria; p__Firmicutes; c__Clostridia; o__Clostridia_unclassified; f__Clostridia_unclassified; g__Clostridia_unclassified"
"ASV308","Root; k__Bacteria; p__Firmicutes; c__Bacilli; o__Bacillales; f__Family_XII; g__Exiguobacterium"
"ASV309","Root; k__Bacteria; p__Proteobacteria; c__Alphaproteobacteria; o__Rhizobiales; f__Rhizobiaceae; g__Rhizobiaceae_unclassified"
"ASV310","Root; k__Bacteria; p__Firmicutes; c__Bacilli; o__Bacillales; f__Bacillaceae; g__Bacillaceae_unclassified"
"ASV311","Root; k__Bacteria; p__Firmicutes; c__Clostridia; o__Clostridiales; f__Clostridiales_unclassified; g__Clostridiales_unclassified"
"ASV313","Root; k__Bacteria; p__Planctomycetes; c__Phycisphaerae; o__MSBL9; f__SG8-4; g__SG8-4_ge"
"ASV314","Root; k__Bacteria; p__Firmicutes; c__Clostridia; o__Clostridiales; f__Clostridiales_unclassified; g__Clostridiales_unclassified"
"ASV315","Root; k__Bacteria; p__Chloroflexi; c__Anaerolineae; o__Anaerolineales; f__Anaerolineaceae; g__Ornatilinea"
"ASV316","Root; k__Bacteria; p__Firmicutes; c__Bacilli; o__Bacillales; f__Bacillaceae; g__Bacillaceae_ge"
"ASV317","Root; k__Bacteria; p__Firmicutes; c__Clostridia; o__Clostridiales; f__Peptococcaceae; g__Syntrophobotulus"
"ASV318","Root; k__Bacteria; p__Chloroflexi; c__Anaerolineae; o__SBR1031; f__A4b; g__A4b_unclassified"
"ASV320","Root; k__Bacteria; p__Firmicutes; c__Clostridia; o__Clostridiales; f__Family_XIII; g__Family_XIII_unclassified"
"ASV321","Root; k__Bacteria; p__Proteobacteria; c__Gammaproteobacteria; o__Betaproteobacteriales; f__Betaproteobacteriales_unclassified; g__Betaproteobacteriales_unclassified"
"ASV322","Root; k__Bacteria; p__Firmicutes; c__Clostridia; o__Clostridia_unclassified; f__Clostridia_unclassified; g__Clostridia_unclassified"
"ASV323","Root; k__Bacteria; p__Proteobacteria; c__Deltaproteobacteria; o__Desulfovibrionales; f__Desulfovibrionales_unclassified; g__Desulfovibrionales_unclassified"
"ASV324","Root; k__Bacteria; p__Proteobacteria; c__Alphaproteobacteria; o__Rhizobiales; f__Stappiaceae; g__Polymorphum"
"ASV325","Root; k__Archaea; p__Euryarchaeota; c__Thermoplasmata; o__Methanomassiliicoccales; f__Methanomassiliicoccaceae; g__uncultured"
"ASV326","Root; k__Bacteria; p__Firmicutes; c__Clostridia; o__Clostridiales; f__Ruminococcaceae; g__Ruminiclostridium_1"
"ASV327","Root; k__Bacteria; p__Actinobacteria; c__Actinobacteria; o__Micrococcales; f__Micrococcales_unclassified; g__Micrococcales_unclassified"
"ASV329","Root; k__Bacteria; p__Proteobacteria; c__Deltaproteobacteria; o__Syntrophobacterales; f__Syntrophaceae; g__Smithella"
"ASV330","Root; k__Bacteria; p__Firmicutes; c__Clostridia; o__Clostridiales; f__Lachnospiraceae; g__Natranaerovirga"
"ASV331","Root; k__Bacteria; p__Firmicutes; c__Clostridia; o__Clostridiales; f__Clostridiales_unclassified; g__Clostridiales_unclassified"
"ASV332","Root; k__Bacteria; p__Proteobacteria; c__Alphaproteobacteria; o__Rhizobiales; f__Rhizobiaceae; g__Mycoplana"
"ASV333","Root; k__Bacteria; p__Firmicutes; c__Bacilli; o__Bacillales; f__Paenibacillaceae; g__Paenibacillus"
"ASV334","Root; k__Bacteria; p__Proteobacteria; c__Alphaproteobacteria; o__Rhizobiales; f__Xanthobacteraceae; g__Xanthobacteraceae_unclassified"
"ASV335","Root; k__Bacteria; p__Bacteroidetes; c__Bacteroidia; o__Bacteroidales; f__Rikenellaceae; g__Blvii28_wastewater-sludge_group"
"ASV336","Root; k__Bacteria; p__Proteobacteria; c__Alphaproteobacteria; o__Rhizobiales; f__Rhizobiaceae; g__Rhizobiaceae_unclassified"
"ASV337","Root; k__Bacteria; p__Firmicutes; c__Clostridia; o__Clostridiales; f__Clostridiales_unclassified; g__Clostridiales_unclassified"
"ASV338","Root; k__Bacteria; p__Firmicutes; c__Bacilli; o__Bacillales; f__Planococcaceae; g__Lysinibacillus"
"ASV339","Root; k__Bacteria; p__Firmicutes; c__Clostridia; o__Clostridiales; f__Clostridiales_unclassified; g__Clostridiales_unclassified"
"ASV340","Root; k__Bacteria; p__Firmicutes; c__Clostridia; o__Clostridiales; f__Family_XI; g__Family_XI_ge"
"ASV341","Root; k__Bacteria; p__Firmicutes; c__Bacilli; o__Bacillales; f__Bacillales_unclassified; g__Bacillales_unclassified"
"ASV342","Root; k__Bacteria; p__Firmicutes; c__Clostridia; o__Clostridiales; f__Clostridiaceae_1; g__Clostridiaceae_1_unclassified"
"ASV343","Root; k__Bacteria; p__Firmicutes; c__Clostridia; o__Clostridiales; f__Peptostreptococcaceae; g__Asaccharospora"
"ASV344","Root; k__Bacteria; p__Firmicutes; c__Clostridia; o__Clostridiales; f__Peptostreptococcaceae; g__Asaccharospora"
"ASV346","Root; k__Bacteria; p__Firmicutes; c__Clostridia; o__Clostridiales; f__Lachnospiraceae; g__possible_genus_Sk018"
"ASV347","Root; k__Bacteria; p__Firmicutes; c__Clostridia; o__Clostridiales; f__Family_XI; g__Sedimentibacter"
"ASV348","Root; k__Bacteria; p__Firmicutes; c__Clostridia; o__Clostridiales; f__Clostridiales_unclassified; g__Clostridiales_unclassified"
"ASV349","Root; k__Bacteria; p__Firmicutes; c__Clostridia; o__Clostridiales; f__Ruminococcaceae; g__Ruminococcaceae_unclassified"
"ASV350","Root; k__Bacteria; p__Firmicutes; c__Clostridia; o__Clostridiales; f__Clostridiaceae_1; g__Clostridium_sensu_stricto_4"
"ASV351","Root; k__Bacteria; p__Firmicutes; c__Clostridia; o__Clostridiales; f__Christensenellaceae; g__uncultured"
"ASV352","Root; k__Bacteria; p__Synergistetes; c__Synergistia; o__Synergistales; f__Synergistaceae; g__uncultured"
"ASV353","Root; k__Bacteria; p__Proteobacteria; c__Gammaproteobacteria; o__Betaproteobacteriales; f__Burkholderiaceae; g__Delftia"
"ASV354","Root; k__Bacteria; p__Proteobacteria; c__Gammaproteobacteria; o__Pseudomonadales; f__Pseudomonadaceae; g__Oblitimonas"
"ASV355","Root; k__Bacteria; p__Firmicutes; c__Bacilli; o__Bacillales; f__Paenibacillaceae; g__Paenibacillus"
"ASV356","Root; k__Bacteria; p__Firmicutes; c__Firmicutes_unclassified; o__Firmicutes_unclassified; f__Firmicutes_unclassified; g__Firmicutes_unclassified"
"ASV357","Root; k__Bacteria; p__Firmicutes; c__Clostridia; o__Clostridiales; f__Heliobacteriaceae; g__Hydrogenispora"
"ASV358","Root; k__Bacteria; p__Firmicutes; c__Clostridia; o__Clostridiales; f__Clostridiaceae_1; g__Clostridiaceae_1_unclassified"
"ASV359","Root; k__Bacteria; p__Firmicutes; c__Bacilli; o__Bacillales; f__Planococcaceae; g__Planococcaceae_unclassified"
"ASV360","Root; k__Bacteria; p__Firmicutes; c__Firmicutes_unclassified; o__Firmicutes_unclassified; f__Firmicutes_unclassified; g__Firmicutes_unclassified"
"ASV363","Root; k__Bacteria; p__Firmicutes; c__Firmicutes_unclassified; o__Firmicutes_unclassified; f__Firmicutes_unclassified; g__Firmicutes_unclassified"
"ASV364","Root; k__Bacteria; p__Firmicutes; c__Bacilli; o__Lactobacillales; f__Lactobacillales_unclassified; g__Lactobacillales_unclassified"
"ASV365","Root; k__Bacteria; p__Proteobacteria; c__Alphaproteobacteria; o__Rhodobacterales; f__Rhodobacteraceae; g__Rhodobacteraceae_unclassified"
"ASV366","Root; k__Bacteria; p__Actinobacteria; c__Actinobacteria; o__Micromonosporales; f__Micromonosporaceae; g__Micromonosporaceae_unclassified"
"ASV367","Root; k__Bacteria; p__Bacteroidetes; c__Bacteroidia; o__Bacteroidales; f__Dysgonomonadaceae; g__Proteiniphilum"
"ASV368","Root; k__Bacteria; p__Firmicutes; c__Bacilli; o__Bacillales; f__Bacillales_unclassified; g__Bacillales_unclassified"
"ASV369","Root; k__Bacteria; p__Firmicutes; c__Clostridia; o__Clostridiales; f__Clostridiales_unclassified; g__Clostridiales_unclassified"
"ASV370","Root; k__Bacteria; p__Proteobacteria; c__Gammaproteobacteria; o__Betaproteobacteriales; f__Burkholderiaceae; g__Delftia"
"ASV371","Root; k__Bacteria; p__Firmicutes; c__Bacilli; o__Bacillales; f__Planococcaceae; g__Psychrobacillus"
"ASV372","Root; k__Bacteria; p__Firmicutes; c__Clostridia; o__Clostridiales; f__Peptococcaceae; g__Desulfotomaculum"
"ASV373","Root; k__Bacteria; p__Nitrospirae; c__Thermodesulfovibrionia; o__uncultured; f__uncultured_fa; g__uncultured_ge"
"ASV374","Root; k__Bacteria; p__Chloroflexi; c__Anaerolineae; o__Anaerolineales; f__Anaerolineaceae; g__Anaerolineaceae_unclassified"
"ASV375","Root; k__Bacteria; p__Firmicutes; c__Clostridia; o__Clostridiales; f__Ruminococcaceae; g__Acetanaerobacterium"
"ASV376","Root; k__Bacteria; p__Firmicutes; c__Clostridia; o__Clostridiales; f__Lachnospiraceae; g__Lachnospiraceae_unclassified"
"ASV377","Root; k__Bacteria; p__Firmicutes; c__Clostridia; o__Clostridia_unclassified; f__Clostridia_unclassified; g__Clostridia_unclassified"
"ASV378","Root; k__Bacteria; p__Proteobacteria; c__Gammaproteobacteria; o__Pseudomonadales; f__Pseudomonadaceae; g__Oblitimonas"
"ASV379","Root; k__Bacteria; p__Proteobacteria; c__Deltaproteobacteria; o__Desulfobacterales; f__Desulfobacteraceae; g__Desulfoluna"
"ASV380","Root; k__Bacteria; p__Firmicutes; c__Clostridia; o__Clostridia_unclassified; f__Clostridia_unclassified; g__Clostridia_unclassified"
"ASV381","Root; k__Bacteria; p__Actinobacteria; c__Actinobacteria; o__Micrococcales; f__Micrococcaceae; g__Micrococcus"
"ASV382","Root; k__Bacteria; p__Proteobacteria; c__Deltaproteobacteria; o__Desulfuromonadales; f__Geobacteraceae; g__Geobacter"
"ASV383","Root; k__Bacteria; p__Proteobacteria; c__Deltaproteobacteria; o__Syntrophobacterales; f__Syntrophobacteraceae; g__Syntrophobacter"
"ASV384","Root; k__Bacteria; p__Firmicutes; c__Firmicutes_unclassified; o__Firmicutes_unclassified; f__Firmicutes_unclassified; g__Firmicutes_unclassified"
"ASV385","Root; k__Bacteria; p__Firmicutes; c__Firmicutes_unclassified; o__Firmicutes_unclassified; f__Firmicutes_unclassified; g__Firmicutes_unclassified"
"ASV386","Root; k__Bacteria; p__Proteobacteria; c__Gammaproteobacteria; o__Aeromonadales; f__Aeromonadaceae; g__Aeromonadaceae_unclassified"
"ASV387","Root; k__Bacteria; p__Firmicutes; c__Clostridia; o__Clostridiales; f__Clostridiaceae_1; g__Clostridiaceae_1_unclassified"
"ASV388","Root; k__Bacteria; p__Proteobacteria; c__Gammaproteobacteria; o__Pseudomonadales; f__Pseudomonadaceae; g__Pseudomonadaceae_unclassified"
"ASV389","Root; k__Bacteria; p__Firmicutes; c__Clostridia; o__Clostridiales; f__Ruminococcaceae; g__Ruminococcaceae_unclassified"
"ASV390","Root; k__Bacteria; p__Firmicutes; c__Clostridia; o__Clostridiales; f__Clostridiales_unclassified; g__Clostridiales_unclassified"
"ASV391","Root; k__Bacteria; p__Proteobacteria; c__Deltaproteobacteria; o__Desulfobacterales; f__Desulfobacteraceae; g__Desulfoluna"
"ASV392","Root; k__Bacteria; p__Proteobacteria; c__Gammaproteobacteria; o__Pseudomonadales; f__Pseudomonadaceae; g__Pseudomonas"
"ASV393","Root; k__Bacteria; p__Firmicutes; c__Bacilli; o__Bacillales; f__Planococcaceae; g__Lysinibacillus"
"ASV394","Root; k__Bacteria; p__Actinobacteria; c__Actinobacteria; o__Corynebacteriales; f__Corynebacteriales_unclassified; g__Corynebacteriales_unclassified"
"ASV395","Root; k__Bacteria; p__Actinobacteria; c__Actinobacteria; o__Corynebacteriales; f__Nocardiaceae; g__Nocardiaceae_unclassified"
"ASV396","Root; k__Bacteria; p__Firmicutes; c__Clostridia; o__Clostridiales; f__Clostridiales_unclassified; g__Clostridiales_unclassified"
"ASV397","Root; k__Bacteria; p__Firmicutes; c__Clostridia; o__Clostridiales; f__Peptococcaceae; g__Peptococcaceae_unclassified"
"ASV399","Root; k__Bacteria; p__Firmicutes; c__Clostridia; o__Clostridiales; f__Clostridiales_unclassified; g__Clostridiales_unclassified"
"ASV400","Root; k__Bacteria; p__Firmicutes; c__Clostridia; o__Clostridiales; f__Gracilibacteraceae; g__Lutispora"
"ASV401","Root; k__Bacteria; p__Proteobacteria; c__Gammaproteobacteria; o__Betaproteobacteriales; f__Burkholderiaceae; g__Burkholderiaceae_unclassified"
"ASV403","Root; k__Bacteria; p__Thermotogae; c__Thermotogae; o__Kosmotogales; f__Kosmotogaceae; g__Kosmotogaceae_unclassified"
"ASV404","Root; k__Bacteria; p__Firmicutes; c__Clostridia; o__Clostridiales; f__Ruminococcaceae; g__Ruminococcaceae_unclassified"
"ASV405","Root; k__Bacteria; p__Firmicutes; c__Bacilli; o__Bacillales; f__Bacillales_unclassified; g__Bacillales_unclassified"
"ASV407","Root; k__Bacteria; p__Firmicutes; c__Clostridia; o__Clostridiales; f__Clostridiales_unclassified; g__Clostridiales_unclassified"
"ASV408","Root; k__Bacteria; p__Firmicutes; c__Clostridia; o__Clostridiales; f__Clostridiaceae_1; g__Clostridiaceae_1_unclassified"
"ASV409","Root; k__Bacteria; p__Firmicutes; c__Bacilli; o__Bacillales; f__Bacillaceae; g__Bacillaceae_unclassified"
"ASV410","Root; k__Bacteria; p__Actinobacteria; c__Actinobacteria; o__Actinobacteria_unclassified; f__Actinobacteria_unclassified; g__Actinobacteria_unclassified"
"ASV411","Root; k__Bacteria; p__Firmicutes; c__Clostridia; o__Clostridia_unclassified; f__Clostridia_unclassified; g__Clostridia_unclassified"
"ASV412","Root; k__Bacteria; p__Firmicutes; c__Bacilli; o__Lactobacillales; f__Enterococcaceae; g__Enterococcus"
"ASV413","Root; k__Bacteria; p__Firmicutes; c__Clostridia; o__Clostridia_unclassified; f__Clostridia_unclassified; g__Clostridia_unclassified"
"ASV415","Root; k__Bacteria; p__Chloroflexi; c__Anaerolineae; o__RBG-13-54-9; f__RBG-13-54-9_fa; g__RBG-13-54-9_ge"
"ASV416","Root; k__Bacteria; p__Firmicutes; c__Bacilli; o__Bacillales; f__Bacillales_unclassified; g__Bacillales_unclassified"
"ASV417","Root; k__Bacteria; p__Firmicutes; c__Clostridia; o__Clostridiales; f__Christensenellaceae; g__uncultured"
"ASV418","Root; k__Bacteria; p__Firmicutes; c__Clostridia; o__Clostridiales; f__Lachnospiraceae; g__Lachnospiraceae_unclassified"
"ASV419","Root; k__Bacteria; p__Firmicutes; c__Clostridia; o__DTU014; f__DTU014_fa; g__DTU014_ge"
"ASV420","Root; k__Bacteria; p__Firmicutes; c__Bacilli; o__Bacillales; f__Bacillaceae; g__Bacillaceae_unclassified"
"ASV421","Root; k__Bacteria; p__Firmicutes; c__Firmicutes_unclassified; o__Firmicutes_unclassified; f__Firmicutes_unclassified; g__Firmicutes_unclassified"
"ASV423","Root; k__Bacteria; p__Proteobacteria; c__Gammaproteobacteria; o__Betaproteobacteriales; f__Burkholderiaceae; g__Burkholderiaceae_unclassified"
"ASV424","Root; k__Bacteria; p__Firmicutes; c__Clostridia; o__Clostridiales; f__Clostridiales_unclassified; g__Clostridiales_unclassified"
"ASV425","Root; k__Bacteria; p__Firmicutes; c__Firmicutes_unclassified; o__Firmicutes_unclassified; f__Firmicutes_unclassified; g__Firmicutes_unclassified"
"ASV426","Root; k__Bacteria; p__Firmicutes; c__Bacilli; o__Bacillales; f__Bacillaceae; g__Bacillaceae_unclassified"
"ASV427","Root; k__Bacteria; p__Firmicutes; c__Firmicutes_unclassified; o__Firmicutes_unclassified; f__Firmicutes_unclassified; g__Firmicutes_unclassified"
"ASV428","Root; k__Archaea; p__Euryarchaeota; c__Thermococci; o__Methanofastidiosales; f__Methanofastidiosaceae; g__Candidatus_Methanofastidiosum"
"ASV429","Root; k__Bacteria; p__Firmicutes; c__Bacilli; o__Bacillales; f__Bacillales_unclassified; g__Bacillales_unclassified"
"ASV430","Root; k__Bacteria; p__Firmicutes; c__Clostridia; o__Clostridiales; f__Clostridiales_unclassified; g__Clostridiales_unclassified"
"ASV431","Root; k__Bacteria; p__Firmicutes; c__Clostridia; o__Clostridiales; f__Clostridiales_unclassified; g__Clostridiales_unclassified"
"ASV432","Root; k__Bacteria; p__Firmicutes; c__Firmicutes_unclassified; o__Firmicutes_unclassified; f__Firmicutes_unclassified; g__Firmicutes_unclassified"
"ASV433","Root; k__Bacteria; p__Firmicutes; c__Firmicutes_unclassified; o__Firmicutes_unclassified; f__Firmicutes_unclassified; g__Firmicutes_unclassified"
"ASV434","Root; k__Bacteria; p__Actinobacteria; c__Actinobacteria_unclassified; o__Actinobacteria_unclassified; f__Actinobacteria_unclassified; g__Actinobacteria_unclassified"
"ASV435","Root; k__Bacteria; p__Firmicutes; c__Bacilli; o__Bacillales; f__Bacillaceae; g__Bacillaceae_unclassified"
"ASV437","Root; k__Bacteria; p__Halanaerobiaeota; c__Halanaerobiia; o__Halanaerobiales; f__Halobacteroidaceae; g__uncultured"
"ASV438","Root; k__Bacteria; p__Planctomycetes; c__Phycisphaerae; o__Phycisphaerae_unclassified; f__Phycisphaerae_unclassified; g__Phycisphaerae_unclassified"
"ASV439","Root; k__Bacteria; p__Firmicutes; c__Clostridia; o__Clostridiales; f__Syntrophomonadaceae; g__Syntrophomonas"
"ASV440","Root; k__Bacteria; p__Firmicutes; c__Clostridia; o__Clostridiales; f__Ruminococcaceae; g__Acetanaerobacterium"
"ASV441","Root; k__Bacteria; p__Firmicutes; c__Clostridia; o__Clostridiales; f__Ruminococcaceae; g__Ruminococcaceae_unclassified"
"ASV442","Root; k__Bacteria; p__Acidobacteria; c__Acidobacteriia; o__Solibacterales; f__Solibacteraceae_(Subgroup_3); g__Solibacteraceae_(Subgroup_3)_unclassified"
"ASV443","Root; k__Bacteria; p__Actinobacteria; c__Actinobacteria; o__Micrococcales; f__Micrococcaceae; g__Micrococcaceae_unclassified"
"ASV444","Root; k__Bacteria; p__Proteobacteria; c__Gammaproteobacteria; o__Pseudomonadales; f__Pseudomonadaceae; g__Pseudomonadaceae_unclassified"
"ASV445","Root; k__Bacteria; p__Firmicutes; c__Clostridia; o__Clostridiales; f__Christensenellaceae; g__uncultured"
"ASV446","Root; k__Bacteria; p__Proteobacteria; c__Alphaproteobacteria; o__Sneathiellales; f__Sneathiellaceae; g__Marinibaculum"
"ASV448","Root; k__Bacteria; p__Proteobacteria; c__Gammaproteobacteria; o__Pseudomonadales; f__Moraxellaceae; g__Acinetobacter"
"ASV449","Root; k__Bacteria; p__Firmicutes; c__Bacilli; o__Lactobacillales; f__Lactobacillales_unclassified; g__Lactobacillales_unclassified"
"ASV450","Root; k__Bacteria; p__Firmicutes; c__Clostridia; o__Clostridiales; f__Peptococcaceae; g__Peptococcaceae_unclassified"
"ASV451","Root; k__Bacteria; p__Planctomycetes; c__Phycisphaerae; o__Pla1_lineage; f__Pla1_lineage_fa; g__Pla1_lineage_ge"
"ASV452","Root; k__Bacteria; p__Firmicutes; c__Bacilli; o__Bacillales; f__Paenibacillaceae; g__Paenibacillaceae_unclassified"
"ASV453","Root; k__Bacteria; p__Chloroflexi; c__Anaerolineae; o__Anaerolineales; f__Anaerolineaceae; g__ADurb.Bin120"
"ASV455","Root; k__Bacteria; p__Armatimonadetes; c__Armatimonadetes_unclassified; o__Armatimonadetes_unclassified; f__Armatimonadetes_unclassified; g__Armatimonadetes_unclassified"
"ASV456","Root; k__Bacteria; p__Firmicutes; c__Clostridia; o__Clostridiales; f__Clostridiales_unclassified; g__Clostridiales_unclassified"
"ASV457","Root; k__Bacteria; p__Spirochaetes; c__Spirochaetia; o__Spirochaetales; f__Spirochaetaceae; g__Sphaerochaeta"
"ASV458","Root; k__Bacteria; p__Synergistetes; c__Synergistia; o__Synergistales; f__Synergistaceae; g__Syner-01"
"ASV459","Root; k__Bacteria; p__Firmicutes; c__Clostridia; o__Clostridiales; f__Ruminococcaceae; g__Ruminococcaceae_unclassified"
"ASV460","Root; k__Bacteria; p__Firmicutes; c__Clostridia; o__Clostridiales; f__Clostridiaceae_1; g__Clostridiaceae_1_unclassified"
"ASV461","Root; k__Bacteria; p__Firmicutes; c__Clostridia; o__Clostridia_unclassified; f__Clostridia_unclassified; g__Clostridia_unclassified"
"ASV462","Root; k__Bacteria; p__Spirochaetes; c__Spirochaetia; o__Spirochaetales; f__Spirochaetaceae; g__Treponema"
"ASV463","Root; k__Bacteria; p__Spirochaetes; c__Leptospirae; o__Leptospirales; f__Leptospiraceae; g__RBG-16-49-21"
"ASV464","Root; k__Bacteria; p__Firmicutes; c__Clostridia; o__Clostridiales; f__Clostridiales_unclassified; g__Clostridiales_unclassified"
"ASV465","Root; k__Bacteria; p__Firmicutes; c__Clostridia; o__Clostridia_unclassified; f__Clostridia_unclassified; g__Clostridia_unclassified"
"ASV466","Root; k__Bacteria; p__Actinobacteria; c__Actinobacteria; o__Propionibacteriales; f__Nocardioidaceae; g__Mumia"
"ASV467","Root; k__Bacteria; p__Bacteroidetes; c__Bacteroidia; o__Bacteroidales; f__Dysgonomonadaceae; g__Proteiniphilum"
"ASV468","Root; k__Bacteria; p__Firmicutes; c__Bacilli; o__Bacilli_unclassified; f__Bacilli_unclassified; g__Bacilli_unclassified"
"ASV469","Root; k__Bacteria; p__Proteobacteria; c__Gammaproteobacteria; o__Aeromonadales; f__Aeromonadaceae; g__Aeromonas"
"ASV470","Root; k__Bacteria; p__Firmicutes; c__Clostridia; o__Clostridiales; f__Lachnospiraceae; g__Lachnospiraceae_unclassified"
"ASV471","Root; k__Bacteria; p__Firmicutes; c__Clostridia; o__Clostridiales; f__Family_XIII; g__Family_XIII_unclassified"
"ASV472","Root; k__Bacteria; p__Firmicutes; c__Bacilli; o__Bacillales; f__Bacillaceae; g__Bacillaceae_unclassified"
"ASV473","Root; k__Bacteria; p__Firmicutes; c__Clostridia; o__Clostridiales; f__Clostridiaceae_1; g__Fonticella"
"ASV474","Root; k__Bacteria; p__Firmicutes; c__Bacilli; o__Bacillales; f__Planococcaceae; g__Solibacillus"
"ASV475","Root; k__Bacteria; p__Proteobacteria; c__Deltaproteobacteria; o__Deltaproteobacteria_unclassified; f__Deltaproteobacteria_unclassified; g__Deltaproteobacteria_unclassified"
"ASV476","Root; k__Bacteria; p__Proteobacteria; c__Gammaproteobacteria; o__Betaproteobacteriales; f__Burkholderiaceae; g__Burkholderiaceae_unclassified"
"ASV477","Root; k__Bacteria; p__Synergistetes; c__Synergistia; o__Synergistales; f__Synergistaceae; g__Synergistaceae_unclassified"
"ASV478","Root; k__Bacteria; p__Bacteroidetes; c__Bacteroidia; o__Bacteroidales; f__Paludibacteraceae; g__Paludibacteraceae_unclassified"
"ASV479","Root; k__Bacteria; p__Proteobacteria; c__Gammaproteobacteria; o__Pseudomonadales; f__Pseudomonadaceae; g__Pseudomonas"
"ASV480","Root; k__Bacteria; p__Firmicutes; c__Clostridia; o__Clostridiales; f__Clostridiaceae_1; g__Clostridiaceae_1_unclassified"
"ASV481","Root; k__Bacteria; p__Firmicutes; c__Clostridia; o__Clostridiales; f__Clostridiales_unclassified; g__Clostridiales_unclassified"
"ASV482","Root; k__Bacteria; p__Firmicutes; c__Clostridia; o__Clostridiales; f__Peptococcaceae; g__Syntrophobotulus"
"ASV483","Root; k__Bacteria; p__Proteobacteria; c__Gammaproteobacteria; o__Nitrococcales; f__Halorhodospiraceae; g__uncultured"
"ASV484","Root; k__Bacteria; p__Firmicutes; c__Bacilli; o__Bacillales; f__Planococcaceae; g__Lysinibacillus"
"ASV485","Root; k__Bacteria; p__Proteobacteria; c__Gammaproteobacteria; o__Alteromonadales; f__Alteromonadaceae; g__Alishewanella"
"ASV487","Root; k__Bacteria; p__Planctomycetes; c__Planctomycetacia; o__Pirellulales; f__Pirellulaceae; g__Pirellulaceae_unclassified"
"ASV488","Root; k__Bacteria; p__Firmicutes; c__Firmicutes_unclassified; o__Firmicutes_unclassified; f__Firmicutes_unclassified; g__Firmicutes_unclassified"
"ASV489","Root; k__Bacteria; p__Proteobacteria; c__Gammaproteobacteria; o__Pseudomonadales; f__Moraxellaceae; g__Acinetobacter"
"ASV490","Root; k__Bacteria; p__Firmicutes; c__Clostridia; o__Clostridiales; f__Clostridiaceae_4; g__Clostridiaceae_4_unclassified"
"ASV491","Root; k__Bacteria; p__Firmicutes; c__Firmicutes_unclassified; o__Firmicutes_unclassified; f__Firmicutes_unclassified; g__Firmicutes_unclassified"
"ASV492","Root; k__Bacteria; p__Proteobacteria; c__Gammaproteobacteria; o__Betaproteobacteriales; f__Burkholderiaceae; g__Rugamonas"
"ASV493","Root; k__Bacteria; p__Firmicutes; c__Bacilli; o__Bacillales; f__Bacillaceae; g__Bacillaceae_unclassified"
"ASV494","Root; k__Bacteria; p__Actinobacteria; c__WCHB1-81; o__WCHB1-81_or; f__WCHB1-81_fa; g__WCHB1-81_ge"
"ASV495","Root; k__Bacteria; p__Proteobacteria; c__Alphaproteobacteria; o__Parvibaculales; f__Parvibaculaceae; g__Parvibaculum"
"ASV496","Root; k__Bacteria; p__Firmicutes; c__Clostridia; o__Clostridiales; f__Clostridiales_unclassified; g__Clostridiales_unclassified"
"ASV497","Root; k__Bacteria; p__Firmicutes; c__Clostridia; o__Clostridia_unclassified; f__Clostridia_unclassified; g__Clostridia_unclassified"
"ASV498","Root; k__Bacteria; p__Actinobacteria; c__Actinobacteria; o__Micrococcales; f__Micrococcales_unclassified; g__Micrococcales_unclassified"
"ASV499","Root; k__Bacteria; p__Firmicutes; c__Firmicutes_unclassified; o__Firmicutes_unclassified; f__Firmicutes_unclassified; g__Firmicutes_unclassified"
"ASV501","Root; k__Bacteria; p__Proteobacteria; c__Gammaproteobacteria; o__Aeromonadales; f__Aeromonadaceae; g__Aeromonadaceae_unclassified"
"ASV502","Root; k__Bacteria; p__Firmicutes; c__Bacilli; o__Bacillales; f__Bacillaceae; g__Bacillaceae_unclassified"
"ASV503","Root; k__Bacteria; p__Actinobacteria; c__Actinobacteria; o__Micrococcales; f__Micrococcales_unclassified; g__Micrococcales_unclassified"
"ASV504","Root; k__Bacteria; p__Firmicutes; c__Clostridia; o__Clostridiales; f__Family_XI; g__Family_XI_ge"
"ASV505","Root; k__Bacteria; p__Firmicutes; c__Firmicutes_unclassified; o__Firmicutes_unclassified; f__Firmicutes_unclassified; g__Firmicutes_unclassified"
"ASV506","Root; k__Bacteria; p__Tenericutes; c__Mollicutes; o__Acholeplasmatales; f__Acholeplasmataceae; g__Acholeplasma"
"ASV507","Root; k__Bacteria; p__Bacteroidetes; c__Bacteroidia; o__Bacteroidales; f__Dysgonomonadaceae; g__Proteiniphilum"
"ASV508","Root; k__Bacteria; p__Firmicutes; c__Firmicutes_unclassified; o__Firmicutes_unclassified; f__Firmicutes_unclassified; g__Firmicutes_unclassified"
"ASV509","Root; k__Bacteria; p__Firmicutes; c__Bacilli; o__Bacillales; f__Bacillales_unclassified; g__Bacillales_unclassified"
"ASV510","Root; k__Bacteria; p__Firmicutes; c__Firmicutes_unclassified; o__Firmicutes_unclassified; f__Firmicutes_unclassified; g__Firmicutes_unclassified"
"ASV512","Root; k__Bacteria; p__Proteobacteria; c__Deltaproteobacteria; o__Deltaproteobacteria_unclassified; f__Deltaproteobacteria_unclassified; g__Deltaproteobacteria_unclassified"
"ASV514","Root; k__Bacteria; p__Firmicutes; c__Clostridia; o__Clostridiales; f__Peptococcaceae; g__uncultured"
"ASV516","Root; k__Bacteria; p__Firmicutes; c__Firmicutes_unclassified; o__Firmicutes_unclassified; f__Firmicutes_unclassified; g__Firmicutes_unclassified"
"ASV517","Root; k__Bacteria; p__Firmicutes; c__Clostridia; o__Clostridiales; f__Clostridiaceae_1; g__Clostridiaceae_1_unclassified"
"ASV518","Root; k__Bacteria; p__Firmicutes; c__Clostridia; o__Clostridiales; f__Lachnospiraceae; g__possible_genus_Sk018"
"ASV519","Root; k__Bacteria; p__Verrucomicrobia; c__Verrucomicrobiae; o__Verrucomicrobiae_unclassified; f__Verrucomicrobiae_unclassified; g__Verrucomicrobiae_unclassified"
"ASV520","Root; k__Bacteria; p__Bacteroidetes; c__Ignavibacteria; o__Ignavibacteriales; f__Ignavibacteriaceae; g__Ignavibacterium"
"ASV521","Root; k__Bacteria; p__Proteobacteria; c__Gammaproteobacteria; o__Pseudomonadales; f__Moraxellaceae; g__Acinetobacter"
"ASV522","Root; k__Bacteria; p__Firmicutes; c__Clostridia; o__Clostridiales; f__Clostridiaceae_1; g__Clostridiaceae_1_unclassified"
"ASV523","Root; k__Bacteria; p__Firmicutes; c__Clostridia; o__Clostridiales; f__Ruminococcaceae; g__GCA-900066225"
"ASV524","Root; k__Bacteria; p__Actinobacteria; c__Actinobacteria; o__Micrococcales; f__Intrasporangiaceae; g__Monashia"
"ASV525","Root; k__Bacteria; p__Firmicutes; c__Clostridia; o__Clostridiales; f__Clostridiaceae_1; g__Hathewaya"
"ASV526","Root; k__Bacteria; p__Firmicutes; c__Clostridia; o__Clostridiales; f__Clostridiales_unclassified; g__Clostridiales_unclassified"
"ASV527","Root; k__Bacteria; p__Proteobacteria; c__Gammaproteobacteria; o__Betaproteobacteriales; f__Burkholderiaceae; g__Burkholderiaceae_unclassified"
"ASV528","Root; k__Bacteria; p__Firmicutes; c__Clostridia; o__Clostridiales; f__Clostridiaceae_1; g__Clostridiaceae_1_unclassified"
"ASV529","Root; k__Bacteria; p__Firmicutes; c__Clostridia; o__Clostridiales; f__Family_XI; g__Gottschalkia"
"ASV530","Root; k__Bacteria; p__Proteobacteria; c__Alphaproteobacteria; o__Rhizobiales; f__Rhizobiales_unclassified; g__Rhizobiales_unclassified"
"ASV531","Root; k__Bacteria; p__Proteobacteria; c__Gammaproteobacteria; o__Betaproteobacteriales; f__Burkholderiaceae; g__Verticia"
"ASV532","Root; k__Bacteria; p__Firmicutes; c__Bacilli; o__Bacillales; f__Planococcaceae; g__Planococcaceae_unclassified"
"ASV533","Root; k__Bacteria; p__Actinobacteria; c__Actinobacteria; o__Propionibacteriales; f__Nocardioidaceae; g__Nocardioides"
"ASV535","Root; k__Bacteria; p__Bacteroidetes; c__Bacteroidia; o__Bacteroidales; f__Bacteroidales_unclassified; g__Bacteroidales_unclassified"
"ASV536","Root; k__Bacteria; p__Proteobacteria; c__Deltaproteobacteria; o__Syntrophobacterales; f__Syntrophobacteraceae; g__Syntrophobacteraceae_unclassified"
"ASV537","Root; k__Bacteria; p__Proteobacteria; c__Gammaproteobacteria; o__Pseudomonadales; f__Moraxellaceae; g__Acinetobacter"
"ASV538","Root; k__Bacteria; p__Firmicutes; c__Clostridia; o__Clostridiales; f__Clostridiales_unclassified; g__Clostridiales_unclassified"
"ASV539","Root; k__Bacteria; p__Firmicutes; c__Clostridia; o__Clostridiales; f__Clostridiaceae_1; g__Clostridiaceae_1_unclassified"
"ASV540","Root; k__Bacteria; p__Firmicutes; c__Bacilli; o__Bacillales; f__Bacillaceae; g__Bacillaceae_unclassified"
"ASV541","Root; k__Bacteria; p__Firmicutes; c__Bacilli; o__Bacillales; f__Bacillales_unclassified; g__Bacillales_unclassified"
"ASV542","Root; k__Bacteria; p__Firmicutes; c__Bacilli; o__Bacillales; f__Bacillaceae; g__Bacillaceae_unclassified"
"ASV544","Root; k__Bacteria; p__Firmicutes; c__Clostridia; o__Clostridiales; f__Clostridiales_unclassified; g__Clostridiales_unclassified"
"ASV545","Root; k__Bacteria; p__Firmicutes; c__Clostridia; o__Clostridiales; f__Ruminococcaceae; g__Ruminiclostridium_1"
"ASV547","Root; k__Bacteria; p__Firmicutes; c__Clostridia; o__Clostridiales; f__Ruminococcaceae; g__Ruminiclostridium_9"
"ASV548","Root; k__Bacteria; p__Firmicutes; c__Clostridia; o__Clostridiales; f__Lachnospiraceae; g__possible_genus_Sk018"
"ASV549","Root; k__Bacteria; p__Actinobacteria; c__Actinobacteria; o__Micrococcales; f__Microbacteriaceae; g__Microbacteriaceae_unclassified"
"ASV550","Root; k__Bacteria; p__Firmicutes; c__Clostridia; o__Clostridiales; f__Clostridiaceae_1; g__Clostridiaceae_1_unclassified"
"ASV551","Root; k__Bacteria; p__Proteobacteria; c__Gammaproteobacteria; o__Betaproteobacteriales; f__Betaproteobacteriales_unclassified; g__Betaproteobacteriales_unclassified"
"ASV552","Root; k__Bacteria; p__Firmicutes; c__Clostridia; o__Clostridiales; f__Clostridiales_unclassified; g__Clostridiales_unclassified"
"ASV553","Root; k__Bacteria; p__Firmicutes; c__Clostridia; o__Clostridiales; f__Clostridiales_Incertae_Sedis; g__Proteiniborus"
"ASV554","Root; k__Bacteria; p__Firmicutes; c__Bacilli; o__Bacillales; f__Planococcaceae; g__Planococcaceae_unclassified"
"ASV555","Root; k__Bacteria; p__Tenericutes; c__Mollicutes; o__Acholeplasmatales; f__Acholeplasmataceae; g__Acholeplasma"
"ASV556","Root; k__Bacteria; p__Firmicutes; c__Bacilli; o__Bacillales; f__Bacillales_unclassified; g__Bacillales_unclassified"
"ASV557","Root; k__Bacteria; p__Actinobacteria; c__Actinobacteria_unclassified; o__Actinobacteria_unclassified; f__Actinobacteria_unclassified; g__Actinobacteria_unclassified"
"ASV558","Root; k__Bacteria; p__Firmicutes; c__Firmicutes_unclassified; o__Firmicutes_unclassified; f__Firmicutes_unclassified; g__Firmicutes_unclassified"
"ASV559","Root; k__Bacteria; p__Chloroflexi; c__Anaerolineae; o__Anaerolineales; f__Anaerolineaceae; g__uncultured"
"ASV560","Root; k__Bacteria; p__Firmicutes; c__Bacilli; o__Lactobacillales; f__Aerococcaceae; g__Aerosphaera"
"ASV561","Root; k__Bacteria; p__Firmicutes; c__Firmicutes_unclassified; o__Firmicutes_unclassified; f__Firmicutes_unclassified; g__Firmicutes_unclassified"
"ASV562","Root; k__Bacteria; p__Firmicutes; c__Clostridia; o__Clostridiales; f__Family_XI; g__Sedimentibacter"
"ASV563","Root; k__Bacteria; p__Firmicutes; c__Clostridia; o__Clostridiales; f__Clostridiales_unclassified; g__Clostridiales_unclassified"
"ASV564","Root; k__Bacteria; p__Firmicutes; c__Firmicutes_unclassified; o__Firmicutes_unclassified; f__Firmicutes_unclassified; g__Firmicutes_unclassified"
"ASV565","Root; k__Bacteria; p__Firmicutes; c__Clostridia; o__Clostridiales; f__Ruminococcaceae; g__Acetanaerobacterium"
"ASV567","Root; k__Bacteria; p__Proteobacteria; c__Alphaproteobacteria; o__Rhizobiales; f__Methyloligellaceae; g__Methyloligella"
"ASV568","Root; k__Bacteria; p__Proteobacteria; c__Deltaproteobacteria; o__Deltaproteobacteria_unclassified; f__Deltaproteobacteria_unclassified; g__Deltaproteobacteria_unclassified"
"ASV570","Root; k__Bacteria; p__Firmicutes; c__Bacilli; o__Bacillales; f__Paenibacillaceae; g__Paenibacillus"
"ASV572","Root; k__Bacteria; p__Chloroflexi; c__Anaerolineae; o__Anaerolineales; f__Anaerolineaceae; g__Anaerolinea"
"ASV573","Root; k__Bacteria; p__Acidobacteria; c__Acidobacteriia; o__Solibacterales; f__Solibacteraceae_(Subgroup_3); g__Solibacteraceae_(Subgroup_3)_unclassified"
"ASV574","Root; k__Bacteria; p__Chloroflexi; c__Anaerolineae; o__Anaerolineales; f__Anaerolineaceae; g__Anaerolineaceae_unclassified"
"ASV575","Root; k__Bacteria; p__Bacteroidetes; c__Bacteroidia; o__Sphingobacteriales; f__Sphingobacteriales_unclassified; g__Sphingobacteriales_unclassified"
"ASV576","Root; k__Bacteria; p__Firmicutes; c__Firmicutes_unclassified; o__Firmicutes_unclassified; f__Firmicutes_unclassified; g__Firmicutes_unclassified"
"ASV577","Root; k__Bacteria; p__Firmicutes; c__Clostridia; o__Clostridiales; f__Ruminococcaceae; g__[Eubacterium]_coprostanoligenes_group"
"ASV578","Root; k__Bacteria; p__Firmicutes; c__Bacilli; o__Bacillales; f__Bacillaceae; g__Bacillaceae_unclassified"
"ASV579","Root; k__Bacteria; p__Bacteroidetes; c__Bacteroidia; o__Bacteroidia_unclassified; f__Bacteroidia_unclassified; g__Bacteroidia_unclassified"
"ASV580","Root; k__Bacteria; p__Proteobacteria; c__Deltaproteobacteria; o__Syntrophobacterales; f__Syntrophobacteraceae; g__Syntrophobacteraceae_unclassified"
"ASV581","Root; k__Bacteria; p__Spirochaetes; c__Spirochaetia; o__Spirochaetales; f__Spirochaetaceae; g__Sphaerochaeta"
"ASV582","Root; k__Bacteria; p__Proteobacteria; c__Gammaproteobacteria; o__Betaproteobacteriales; f__Burkholderiaceae; g__Burkholderiaceae_unclassified"
"ASV583","Root; k__Bacteria; p__Firmicutes; c__Clostridia; o__Clostridiales; f__Peptococcaceae; g__Dehalobacterium"
"ASV584","Root; k__Bacteria; p__Firmicutes; c__Bacilli; o__Bacillales; f__Bacillales_unclassified; g__Bacillales_unclassified"
"ASV585","Root; k__Bacteria; p__Firmicutes; c__Clostridia; o__Clostridiales; f__Ruminococcaceae; g__Ruminiclostridium"
"ASV586","Root; k__Bacteria; p__Proteobacteria; c__Deltaproteobacteria; o__Myxococcales; f__Polyangiaceae; g__Aetherobacter"
"ASV587","Root; k__Bacteria; p__Firmicutes; c__Bacilli; o__Bacillales; f__Bacillaceae; g__Bacillaceae_unclassified"
"ASV589","Root; k__Bacteria; p__Firmicutes; c__Clostridia; o__Clostridiales; f__Clostridiales_unclassified; g__Clostridiales_unclassified"
"ASV590","Root; k__Bacteria; p__Bacteroidetes; c__Bacteroidia; o__Sphingobacteriales; f__Lentimicrobiaceae; g__Lentimicrobium"
"ASV591","Root; k__Bacteria; p__Bacteroidetes; c__Bacteroidia; o__Bacteroidales; f__Paludibacteraceae; g__Paludibacter"
"ASV592","Root; k__Bacteria; p__Proteobacteria; c__Gammaproteobacteria; o__Betaproteobacteriales; f__Burkholderiaceae; g__Azohydromonas"
"ASV593","Root; k__Bacteria; p__Proteobacteria; c__Gammaproteobacteria; o__Pseudomonadales; f__Moraxellaceae; g__Acinetobacter"
"ASV594","Root; k__Bacteria; p__Firmicutes; c__Clostridia; o__Clostridiales; f__Ruminococcaceae; g__Ruminococcaceae_unclassified"
"ASV596","Root; k__Bacteria; p__Firmicutes; c__Clostridia; o__Clostridiales; f__Clostridiales_unclassified; g__Clostridiales_unclassified"
"ASV597","Root; k__Bacteria; p__Firmicutes; c__Clostridia; o__Clostridiales; f__Lachnospiraceae; g__Cellulosilyticum"
"ASV598","Root; k__Bacteria; p__Proteobacteria; c__Gammaproteobacteria; o__Betaproteobacteriales; f__Burkholderiaceae; g__Delftia"
"ASV602","Root; k__Bacteria; p__Proteobacteria; c__Deltaproteobacteria; o__Syntrophobacterales; f__Syntrophobacteraceae; g__Syntrophobacteraceae_unclassified"
"ASV603","Root; k__Bacteria; p__Firmicutes; c__Clostridia; o__Clostridiales; f__Clostridiales_unclassified; g__Clostridiales_unclassified"
"ASV604","Root; k__Bacteria; p__Firmicutes; c__Clostridia; o__Clostridiales; f__Clostridiales_unclassified; g__Clostridiales_unclassified"
"ASV605","Root; k__Bacteria; p__Chloroflexi; c__Anaerolineae; o__Anaerolineales; f__Anaerolineaceae; g__Anaerolineaceae_unclassified"
"ASV606","Root; k__Bacteria; p__Firmicutes; c__Clostridia; o__Clostridiales; f__Ruminococcaceae; g__GCA-900066225"
"ASV607","Root; k__Bacteria; p__Firmicutes; c__Clostridia; o__Clostridiales; f__Ruminococcaceae; g__Acetanaerobacterium"
"ASV608","Root; k__Bacteria; p__Firmicutes; c__Clostridia; o__Clostridiales; f__Clostridiaceae_1; g__Oxobacter"
"ASV609","Root; k__Bacteria; p__Firmicutes; c__Clostridia; o__Clostridiales; f__Ruminococcaceae; g__Acetanaerobacterium"
"ASV611","Root; k__Bacteria; p__Firmicutes; c__Clostridia; o__Clostridiales; f__Clostridiales_unclassified; g__Clostridiales_unclassified"
"ASV612","Root; k__Bacteria; p__Proteobacteria; c__Gammaproteobacteria; o__Betaproteobacteriales; f__Burkholderiaceae; g__Burkholderiaceae_unclassified"
"ASV613","Root; k__Bacteria; p__Firmicutes; c__Clostridia; o__Clostridiales; f__Ruminococcaceae; g__Acetanaerobacterium"
"ASV615","Root; k__Bacteria; p__Proteobacteria; c__Gammaproteobacteria; o__Betaproteobacteriales; f__Burkholderiaceae; g__Burkholderiaceae_unclassified"
"ASV616","Root; k__Bacteria; p__Firmicutes; c__Clostridia; o__Clostridiales; f__Ruminococcaceae; g__Acetanaerobacterium"
"ASV618","Root; k__Bacteria; p__Proteobacteria; c__Gammaproteobacteria; o__Betaproteobacteriales; f__Burkholderiaceae; g__Rugamonas"
"ASV619","Root; k__Bacteria; p__Bacteroidetes; c__Bacteroidia; o__Flavobacteriales; f__Flavobacteriaceae; g__Flavobacterium"
"ASV620","Root; k__Bacteria; p__Firmicutes; c__Clostridia; o__Clostridiales; f__Clostridiales_unclassified; g__Clostridiales_unclassified"
"ASV621","Root; k__Bacteria; p__Proteobacteria; c__Alphaproteobacteria; o__Rhizobiales; f__Rhizobiaceae; g__Rhizobiaceae_unclassified"
"ASV623","Root; k__Bacteria; p__Chloroflexi; c__Anaerolineae; o__Anaerolineales; f__Anaerolineaceae; g__Ornatilinea"
"ASV624","Root; k__Bacteria; p__Proteobacteria; c__Deltaproteobacteria; o__Desulfovibrionales; f__Desulfomicrobiaceae; g__Desulfomicrobium"
"ASV625","Root; k__Bacteria; p__Chlamydiae; c__Chlamydiae; o__Chlamydiales; f__Chlamydiales_unclassified; g__Chlamydiales_unclassified"
"ASV627","Root; k__Bacteria; p__Firmicutes; c__Clostridia; o__Clostridiales; f__Peptococcaceae; g__Dehalobacterium"
"ASV628","Root; k__Bacteria; p__Bacteroidetes; c__Bacteroidia; o__Bacteroidales; f__Dysgonomonadaceae; g__Proteiniphilum"
"ASV629","Root; k__Bacteria; p__Bacteroidetes; c__Bacteroidia; o__Bacteroidales; f__Bacteroidales_unclassified; g__Bacteroidales_unclassified"
"ASV630","Root; k__Bacteria; p__Firmicutes; c__Clostridia; o__Clostridiales; f__Clostridiales_unclassified; g__Clostridiales_unclassified"
"ASV631","Root; k__Bacteria; p__Firmicutes; c__Clostridia; o__Clostridiales; f__Clostridiales_unclassified; g__Clostridiales_unclassified"
"ASV632","Root; k__Bacteria; p__Firmicutes; c__Bacilli; o__Bacillales; f__Planococcaceae; g__Domibacillus"
"ASV633","Root; k__Bacteria; p__Firmicutes; c__Clostridia; o__Clostridiales; f__Peptococcaceae; g__Dehalobacterium"
"ASV634","Root; k__Bacteria; p__Spirochaetes; c__Leptospirae; o__Leptospirales; f__Leptospiraceae; g__Leptonema"
"ASV635","Root; k__Bacteria; p__Bacteroidetes; c__Bacteroidia; o__Bacteroidales; f__Prolixibacteraceae; g__Mangrovibacterium"
"ASV636","Root; k__Bacteria; p__Bacteroidetes; c__Bacteroidia; o__Bacteroidales; f__Dysgonomonadaceae; g__Petrimonas"
"ASV637","Root; k__Bacteria; p__Firmicutes; c__Firmicutes_unclassified; o__Firmicutes_unclassified; f__Firmicutes_unclassified; g__Firmicutes_unclassified"
"ASV639","Root; k__Bacteria; p__Firmicutes; c__Clostridia; o__Clostridiales; f__Clostridiales_unclassified; g__Clostridiales_unclassified"
"ASV640","Root; k__Bacteria; p__Proteobacteria; c__Gammaproteobacteria; o__Pseudomonadales; f__Pseudomonadaceae; g__Pseudomonas"
"ASV641","Root; k__Bacteria; p__Firmicutes; c__Clostridia; o__Clostridiales; f__Clostridiales_unclassified; g__Clostridiales_unclassified"
"ASV642","Root; k__Bacteria; p__Firmicutes; c__Clostridia; o__Clostridiales; f__Clostridiales_unclassified; g__Clostridiales_unclassified"
"ASV643","Root; k__Bacteria; p__Thermotogae; c__Thermotogae; o__Kosmotogales; f__Kosmotogaceae; g__Mesotoga"
"ASV644","Root; k__Bacteria; p__Firmicutes; c__Clostridia; o__Clostridiales; f__Clostridiales_unclassified; g__Clostridiales_unclassified"
"ASV645","Root; k__Bacteria; p__Actinobacteria; c__Actinobacteria_unclassified; o__Actinobacteria_unclassified; f__Actinobacteria_unclassified; g__Actinobacteria_unclassified"
"ASV646","Root; k__Bacteria; p__Planctomycetes; c__Planctomycetacia; o__Pirellulales; f__Pirellulaceae; g__Pirellulaceae_unclassified"
"ASV647","Root; k__Bacteria; p__Firmicutes; c__Clostridia; o__Clostridiales; f__Clostridiales_unclassified; g__Clostridiales_unclassified"
"ASV648","Root; k__Bacteria; p__Proteobacteria; c__Deltaproteobacteria; o__Myxococcales; f__Nannocystaceae; g__Nannocystis"
"ASV649","Root; k__Bacteria; p__Acidobacteria; c__Acidobacteriia; o__Acidobacteriales; f__Acidobacteriaceae_(Subgroup_1); g__Telmatobacter"
"ASV650","Root; k__Bacteria; p__Proteobacteria; c__Gammaproteobacteria; o__Pseudomonadales; f__Moraxellaceae; g__Acinetobacter"
"ASV651","Root; k__Bacteria; p__Halanaerobiaeota; c__Halanaerobiia; o__Halanaerobiales; f__Halobacteroidaceae; g__uncultured"
"ASV652","Root; k__Bacteria; p__Proteobacteria; c__Deltaproteobacteria; o__Syntrophobacterales; f__Syntrophobacteraceae; g__Syntrophobacter"
"ASV653","Root; k__Archaea; p__Euryarchaeota; c__Methanomicrobia; o__Methanosarcinales; f__Methanosarcinaceae; g__Methanosarcina"
"ASV654","Root; k__Bacteria; p__Proteobacteria; c__Gammaproteobacteria; o__Methylococcales; f__Methylococcaceae; g__Methylococcaceae_unclassified"
"ASV655","Root; k__Bacteria; p__Chloroflexi; c__Anaerolineae; o__Anaerolineales; f__Anaerolineaceae; g__Anaerolineaceae_unclassified"
"ASV656","Root; k__Bacteria; p__Spirochaetes; c__Spirochaetia; o__Spirochaetales; f__Spirochaetaceae; g__Spirochaetaceae_unclassified"
"ASV657","Root; k__Archaea; p__Euryarchaeota; c__Methanomicrobia; o__Methanosarcinales; f__Methanosarcinaceae; g__Methanomethylovorans"
"ASV658","Root; k__Bacteria; p__Planctomycetes; c__Planctomycetacia; o__Pirellulales; f__Pirellulaceae; g__Candidatus_Anammoximicrobium"
"ASV659","Root; k__Bacteria; p__Firmicutes; c__Bacilli; o__Bacillales; f__Bacillales_unclassified; g__Bacillales_unclassified"
"ASV660","Root; k__Bacteria; p__Actinobacteria; c__Actinobacteria_unclassified; o__Actinobacteria_unclassified; f__Actinobacteria_unclassified; g__Actinobacteria_unclassified"
"ASV661","Root; k__Bacteria; p__Firmicutes; c__Clostridia; o__Clostridiales; f__Clostridiales_unclassified; g__Clostridiales_unclassified"
"ASV663","Root; k__Bacteria; p__Firmicutes; c__Clostridia; o__Clostridia_unclassified; f__Clostridia_unclassified; g__Clostridia_unclassified"
"ASV664","Root; k__Bacteria; p__Bacteroidetes; c__Bacteroidia; o__Bacteroidales; f__Dysgonomonadaceae; g__Dysgonomonadaceae_unclassified"
"ASV666","Root; k__Bacteria; p__Actinobacteria; c__Actinobacteria_unclassified; o__Actinobacteria_unclassified; f__Actinobacteria_unclassified; g__Actinobacteria_unclassified"
"ASV667","Root; k__Bacteria; p__Firmicutes; c__Firmicutes_unclassified; o__Firmicutes_unclassified; f__Firmicutes_unclassified; g__Firmicutes_unclassified"
"ASV668","Root; k__Bacteria; p__Firmicutes; c__Clostridia; o__Clostridiales; f__Ruminococcaceae; g__Ruminococcaceae_UCG-010"
"ASV669","Root; k__Bacteria; p__Firmicutes; c__Bacilli; o__Bacillales; f__Bacillaceae; g__Bacillaceae_unclassified"
"ASV671","Root; k__Bacteria; p__Proteobacteria; c__Gammaproteobacteria; o__Gammaproteobacteria_unclassified; f__Gammaproteobacteria_unclassified; g__Gammaproteobacteria_unclassified"
"ASV672","Root; k__Bacteria; p__Firmicutes; c__Bacilli; o__Bacillales; f__Bacillaceae; g__Bacillaceae_unclassified"
"ASV673","Root; k__Bacteria; p__Proteobacteria; c__Gammaproteobacteria; o__Gammaproteobacteria_unclassified; f__Gammaproteobacteria_unclassified; g__Gammaproteobacteria_unclassified"
"ASV675","Root; k__Bacteria; p__Bacteroidetes; c__Bacteroidia; o__Bacteroidales; f__Dysgonomonadaceae; g__Proteiniphilum"
"ASV677","Root; k__Bacteria; p__Bacteroidetes; c__Bacteroidia; o__Bacteroidia_unclassified; f__Bacteroidia_unclassified; g__Bacteroidia_unclassified"
"ASV678","Root; k__Bacteria; p__Bacteroidetes; c__Bacteroidia; o__Bacteroidales; f__Dysgonomonadaceae; g__Proteiniphilum"
"ASV679","Root; k__Bacteria; p__Bacteroidetes; c__Bacteroidia; o__Bacteroidales; f__Dysgonomonadaceae; g__Proteiniphilum"
"ASV680","Root; k__Bacteria; p__Firmicutes; c__Clostridia; o__Clostridiales; f__Ruminococcaceae; g__Ruminococcaceae_unclassified"
"ASV681","Root; k__Bacteria; p__Firmicutes; c__Firmicutes_unclassified; o__Firmicutes_unclassified; f__Firmicutes_unclassified; g__Firmicutes_unclassified"
"ASV682","Root; k__Bacteria; p__Firmicutes; c__Firmicutes_unclassified; o__Firmicutes_unclassified; f__Firmicutes_unclassified; g__Firmicutes_unclassified"
"ASV683","Root; k__Bacteria; p__Proteobacteria; c__Alphaproteobacteria; o__Caulobacterales; f__Caulobacteraceae; g__Caulobacteraceae_unclassified"
"ASV684","Root; k__Bacteria; p__Firmicutes; c__Clostridia; o__Clostridiales; f__Ruminococcaceae; g__Papillibacter"
"ASV685","Root; k__Bacteria; p__Firmicutes; c__Bacilli; o__Bacillales; f__Sporolactobacillaceae; g__uncultured"
"ASV686","Root; k__Bacteria; p__Firmicutes; c__Clostridia; o__Clostridiales; f__Clostridiales_unclassified; g__Clostridiales_unclassified"
"ASV687","Root; k__Bacteria; p__Firmicutes; c__Clostridia; o__Clostridiales; f__Ruminococcaceae; g__Angelakisella"
"ASV688","Root; k__Bacteria; p__Firmicutes; c__Bacilli; o__Bacillales; f__Bacillaceae; g__Bacillaceae_unclassified"
"ASV689","Root; k__Bacteria; p__Proteobacteria; c__Proteobacteria_unclassified; o__Proteobacteria_unclassified; f__Proteobacteria_unclassified; g__Proteobacteria_unclassified"
"ASV692","Root; k__Bacteria; p__Planctomycetes; c__Phycisphaerae; o__Tepidisphaerales; f__WD2101_soil_group; g__WD2101_soil_group_ge"
"ASV693","Root; k__Bacteria; p__Bacteroidetes; c__Bacteroidia; o__Bacteroidales; f__Tannerellaceae; g__Macellibacteroides"
"ASV694","Root; k__Bacteria; p__Firmicutes; c__Bacilli; o__Bacillales; f__Bacillaceae; g__Bacillaceae_unclassified"
"ASV695","Root; k__Bacteria; p__Firmicutes; c__Clostridia; o__Clostridiales; f__Lachnospiraceae; g__Cellulosilyticum"
"ASV697","Root; k__Bacteria; p__Firmicutes; c__Bacilli; o__Bacillales; f__Planococcaceae; g__Planococcaceae_unclassified"
"ASV698","Root; k__Bacteria; p__Lentisphaerae; c__Lentisphaeria; o__Victivallales; f__Victivallaceae; g__Victivallaceae_ge"
"ASV699","Root; k__Bacteria; p__Synergistetes; c__Synergistia; o__Synergistales; f__Synergistaceae; g__Thermovirga"
"ASV700","Root; k__Bacteria; p__Firmicutes; c__Clostridia; o__Clostridiales; f__Peptococcaceae; g__Cryptanaerobacter"
"ASV701","Root; k__Bacteria; p__Proteobacteria; c__Gammaproteobacteria; o__Betaproteobacteriales; f__Betaproteobacteriales_unclassified; g__Betaproteobacteriales_unclassified"
"ASV702","Root; k__Bacteria; p__Firmicutes; c__Bacilli; o__Bacillales; f__Planococcaceae; g__Lysinibacillus"
"ASV703","Root; k__Bacteria; p__Bacteroidetes; c__Bacteroidia; o__Sphingobacteriales; f__Lentimicrobiaceae; g__Lentimicrobium"
